"0","#| fig-cap: ""Fig. 2 Normal Distribution"""
"0","#| warning: false"
"0","library(tidyverse)"
"2","── [1mAttaching core tidyverse packages[22m ──────────────────────────────────────────────────── tidyverse 2.0.0 ──
[32m✔[39m [34mdplyr    [39m 1.1.2     [32m✔[39m [34mreadr    [39m 2.1.4
[32m✔[39m [34mforcats  [39m 1.0.0     [32m✔[39m [34mstringr  [39m 1.5.0
[32m✔[39m [34mggplot2  [39m 3.4.2     [32m✔[39m [34mtibble   [39m 3.2.1
[32m✔[39m [34mlubridate[39m 1.9.2     [32m✔[39m [34mtidyr    [39m 1.3.0
[32m✔[39m [34mpurrr    [39m 1.0.1     "
"2","── [1mConflicts[22m ────────────────────────────────────────────────────────────────────── tidyverse_conflicts() ──
[31m✖[39m [34mdplyr[39m::[32mfilter()[39m masks [34mstats[39m::filter()
[31m✖[39m [34mdplyr[39m::[32mlag()[39m    masks [34mstats[39m::lag()
[36mℹ[39m Use the ]8;;http://conflicted.r-lib.org/conflicted package]8;; to force all conflicts to become errors"
"0","# Create a normal distribution from sequence of numbers between -4 and 4."
"0",""
"0","norm.dist <- data.frame("
"0","    x = seq(-4,4, by = 0.01),"
"0","    y = dnorm(seq(-4,4, by = 0.01))"
"0",")"
"0","ggplot(norm.dist, aes(x,y)) +"
"0","    geom_line()"
