{
  "hash": "0979f5b690df3a7613d8f3c1655b2231",
  "result": {
    "markdown": "# Architecture\n\nIn summary, this book has no content whatsoever.\n\n\n\n::: {.cell}\n\n```{.r .cell-code}\n1 + 1\n```\n\n::: {.cell-output .cell-output-stdout}\n```\n[1] 2\n```\n:::\n:::\n",
    "supporting": [],
    "filters": [
      "rmarkdown/pagebreak.lua"
    ],
    "includes": {},
    "engineDependencies": {
      "knitr": [
        "{\"type\":\"list\",\"attributes\":{},\"value\":[]}"
      ]
    },
    "preserve": null,
    "postProcess": false
  }
}