{"chunk_definitions":[{"row":18,"row_count":1,"visible":true,"expansion_state":0,"options":{"engine":"r","label":"unnamed-chunk-3"},"document_id":"88ED919D","chunk_id":"cnkkdoa1zz2vi","chunk_label":"unnamed-chunk-1"},{"row":33,"row_count":1,"visible":true,"expansion_state":0,"options":{"fig-cap":"Normal Distribution","warning":false,"engine":"r","label":"unnamed-chunk-3"},"document_id":"88ED919D","chunk_id":"cyc4wix71uyyz","chunk_label":"unnamed-chunk-2"},{"row":52,"row_count":1,"visible":true,"expansion_state":0,"options":{"engine":"r","label":"unnamed-chunk-9"},"document_id":"88ED919D","chunk_id":"cjhqrmev342ma","chunk_label":"unnamed-chunk-3"}],"doc_write_time":1687988257,"chunk_rendered_width":429}