{"chunk_definitions":[{"row":18,"row_count":1,"visible":true,"expansion_state":0,"options":{"engine":"r","label":"unnamed-chunk-5"},"document_id":"88ED919D","chunk_id":"cnkkdoa1zz2vi","chunk_label":"unnamed-chunk-1"},{"row":33,"row_count":1,"visible":true,"expansion_state":0,"options":{"fig-cap":"Fig. 2 Normal Distribution","warning":false,"engine":"r","label":"unnamed-chunk-6"},"document_id":"88ED919D","chunk_id":"cyc4wix71uyyz","chunk_label":"unnamed-chunk-2"},{"row":67,"row_count":1,"visible":true,"expansion_state":0,"options":{"warning":false,"engine":"r","label":"unnamed-chunk-10"},"document_id":"88ED919D","chunk_id":"c7fpfg9p4gxk0","chunk_label":"unnamed-chunk-4"}],"doc_write_time":1689612126}