{
  "hash": "186e6ca48272afc5fe0dac0b8688783f",
  "result": {
    "markdown": "# Introduction\n\nThis section provides a sampling of just some of the many capabilities of Quarto useful in model documentation. To learn more about Quarto's features for technical writing, check out their site [here](https://quarto.org/docs/visual-editor/technical.html).\n\n## Visual Editor\n\nUnlike RMarkdown, Quarto is not a R package and comes with its own interface within RStudio, making it significantly faster to learn and use. I have found that my productivity increases 2-5x in Quarto because of the visual editor. For those who want to see RMarkdown code, Quarto provides a simple toggle for source code.\n\n[![Fig. 1 Quarto visual editor (from Hadley Wickham's \"R for Data Science 2e\")](images/quarto-visual-editor.png){fig-align=\"center\" width=\"800\"}](https://r4ds.hadley.nz/quarto.html)\n\nMost formatting styles can be either invoked through the UI, keyboard shortcuts, or special code characters.\n\n## Executable Code Chunks\n\nCode in R or Python is executable in Quarto and will run when the document is rendered. Users have the option to suppress code chunks so they are invisible or collapse them to make the user click on an icon to view them (see example below). Here are some simple examples:\n\n\n\n::: {.cell}\n\n```{.r .cell-code}\n2+2\n```\n\n::: {.cell-output .cell-output-stdout}\n```\n[1] 4\n```\n:::\n:::\n\n::: {.cell}\n\n```{.r .cell-code}\nlibrary(tidyverse)\n\n# Create a normal distribution from sequence of numbers between -4 and 4.\n\nnorm.dist <- data.frame(\n    x = seq(-4,4, by = 0.01),\n    y = dnorm(seq(-4,4, by = 0.01))\n)\nggplot(norm.dist, aes(x,y)) +\n    geom_line()\n```\n\n::: {.cell-output-display}\n![Fig. 2 Normal Distribution](intro_files/figure-pdf/unnamed-chunk-2-1.pdf){fig-pos='H'}\n:::\n:::\n\n\n\n## Math Equations Rendering\n\nIt's easy to write down complex math formulas in Quarto using standard markdown syntax (the editor will automatically recognize the syntax and treat the equation as math). When you aren't directly editing an equation it will appear as rendered math:\n\n![Fig. 3 Math equations using LaTeX syntax](images/visual-editing-math.png){fig-align=\"center\" width=\"1000\"}\n\n## Interactivity\n\nQuarto allows to embed html widgets and Shiny apps right into the document. Our documentation can have interactive graphs, tables, and dashboards to help users get a better, hands-on sense of the data.\n\nFor example, the `dygraphs` package for R makes it easy to embed interactive time-series charts like this one:\n\n\n\n::: {.cell}\n\n```{.r .cell-code}\nlibrary(dygraphs)\ndygraph(nhtemp, main = \"New Haven Temperatures\", ylab = \"Temp (F)\") %>% \n  dyRangeSelector(dateWindow = c(\"1920-01-01\", \"1960-01-01\"))\n```\n\n::: {.cell-output-display}\n```{=html}\n<div class=\"dygraphs html-widget html-fill-item-overflow-hidden html-fill-item\" id=\"htmlwidget-7604c35811b5ed79dbcf\" style=\"width:1650px;height:1050px;\"></div>\n<script type=\"application/json\" data-for=\"htmlwidget-7604c35811b5ed79dbcf\">{\"x\":{\"attrs\":{\"title\":\"New Haven Temperatures\",\"ylabel\":\"Temp (F)\",\"labels\":[\"year\",\"V1\"],\"legend\":\"auto\",\"retainDateWindow\":false,\"axes\":{\"x\":{\"pixelsPerLabel\":60}},\"showRangeSelector\":true,\"dateWindow\":[\"1920-01-01T00:00:00.000Z\",\"1960-01-01T00:00:00.000Z\"],\"rangeSelectorHeight\":40,\"rangeSelectorPlotFillColor\":\" #A7B1C4\",\"rangeSelectorPlotStrokeColor\":\"#808FAB\",\"interactionModel\":\"Dygraph.Interaction.defaultModel\"},\"scale\":\"yearly\",\"annotations\":[],\"shadings\":[],\"events\":[],\"format\":\"date\",\"data\":[[\"1912-01-01T00:00:00.000Z\",\"1913-01-01T00:00:00.000Z\",\"1914-01-01T00:00:00.000Z\",\"1915-01-01T00:00:00.000Z\",\"1916-01-01T00:00:00.000Z\",\"1917-01-01T00:00:00.000Z\",\"1918-01-01T00:00:00.000Z\",\"1919-01-01T00:00:00.000Z\",\"1920-01-01T00:00:00.000Z\",\"1921-01-01T00:00:00.000Z\",\"1922-01-01T00:00:00.000Z\",\"1923-01-01T00:00:00.000Z\",\"1924-01-01T00:00:00.000Z\",\"1925-01-01T00:00:00.000Z\",\"1926-01-01T00:00:00.000Z\",\"1927-01-01T00:00:00.000Z\",\"1928-01-01T00:00:00.000Z\",\"1929-01-01T00:00:00.000Z\",\"1930-01-01T00:00:00.000Z\",\"1931-01-01T00:00:00.000Z\",\"1932-01-01T00:00:00.000Z\",\"1933-01-01T00:00:00.000Z\",\"1934-01-01T00:00:00.000Z\",\"1935-01-01T00:00:00.000Z\",\"1936-01-01T00:00:00.000Z\",\"1937-01-01T00:00:00.000Z\",\"1938-01-01T00:00:00.000Z\",\"1939-01-01T00:00:00.000Z\",\"1940-01-01T00:00:00.000Z\",\"1941-01-01T00:00:00.000Z\",\"1942-01-01T00:00:00.000Z\",\"1943-01-01T00:00:00.000Z\",\"1944-01-01T00:00:00.000Z\",\"1945-01-01T00:00:00.000Z\",\"1946-01-01T00:00:00.000Z\",\"1947-01-01T00:00:00.000Z\",\"1948-01-01T00:00:00.000Z\",\"1949-01-01T00:00:00.000Z\",\"1950-01-01T00:00:00.000Z\",\"1951-01-01T00:00:00.000Z\",\"1952-01-01T00:00:00.000Z\",\"1953-01-01T00:00:00.000Z\",\"1954-01-01T00:00:00.000Z\",\"1955-01-01T00:00:00.000Z\",\"1956-01-01T00:00:00.000Z\",\"1957-01-01T00:00:00.000Z\",\"1958-01-01T00:00:00.000Z\",\"1959-01-01T00:00:00.000Z\",\"1960-01-01T00:00:00.000Z\",\"1961-01-01T00:00:00.000Z\",\"1962-01-01T00:00:00.000Z\",\"1963-01-01T00:00:00.000Z\",\"1964-01-01T00:00:00.000Z\",\"1965-01-01T00:00:00.000Z\",\"1966-01-01T00:00:00.000Z\",\"1967-01-01T00:00:00.000Z\",\"1968-01-01T00:00:00.000Z\",\"1969-01-01T00:00:00.000Z\",\"1970-01-01T00:00:00.000Z\",\"1971-01-01T00:00:00.000Z\"],[49.9,52.3,49.4,51.1,49.4,47.9,49.8,50.9,49.3,51.9,50.8,49.6,49.3,50.6,48.4,50.7,50.9,50.6,51.5,52.8,51.8,51.1,49.8,50.2,50.4,51.6,51.8,50.9,48.8,51.7,51,50.6,51.7,51.5,52.1,51.3,51,54,51.4,52.7,53.1,54.6,52,52,50.9,52.6,50.2,52.6,51.6,51.9,50.5,50.9,51.7,51.4,51.7,50.8,51.9,51.8,51.9,53]]},\"evals\":[\"attrs.interactionModel\"],\"jsHooks\":[]}</script>\n```\n:::\n:::\n\n\n\n<br>\n\nThe `plotly` package easily translates a ggplot2 graphics into an interactive web-based plot like the one below:\n\n\n\n::: {.cell}\n\n```{.r .cell-code}\nlibrary(ggplot2)\nlibrary(plotly)\n\nd<- ggplot(data = diamonds, aes(x = cut, fill = clarity)) +\n            geom_bar(position = \"dodge\")\nggplotly(d)\n```\n\n::: {.cell-output-display}\n```{=html}\n<div class=\"plotly html-widget html-fill-item-overflow-hidden html-fill-item\" id=\"htmlwidget-7c4607adf0b25472f37b\" style=\"width:1650px;height:1050px;\"></div>\n<script type=\"application/json\" data-for=\"htmlwidget-7c4607adf0b25472f37b\">{\"x\":{\"data\":[{\"orientation\":\"v\",\"width\":[0.1125,0.1125,0.1125,0.1125,0.112500000000001],\"base\":[0,0,0,0,0],\"x\":[0.60625,1.60625,2.60625,3.60625,4.60625],\"y\":[210,96,84,205,146],\"text\":[\"count:  210<br />cut: Fair<br />clarity: I1\",\"count:   96<br />cut: Good<br />clarity: I1\",\"count:   84<br />cut: Very Good<br />clarity: I1\",\"count:  205<br />cut: Premium<br />clarity: I1\",\"count:  146<br />cut: Ideal<br />clarity: I1\"],\"type\":\"bar\",\"textposition\":\"none\",\"marker\":{\"autocolorscale\":false,\"color\":\"rgba(68,1,84,1)\",\"line\":{\"width\":1.88976377952756,\"color\":\"transparent\"}},\"name\":\"I1\",\"legendgroup\":\"I1\",\"showlegend\":true,\"xaxis\":\"x\",\"yaxis\":\"y\",\"hoverinfo\":\"text\",\"frame\":null},{\"orientation\":\"v\",\"width\":[0.1125,0.1125,0.1125,0.1125,0.112500000000001],\"base\":[0,0,0,0,0],\"x\":[0.71875,1.71875,2.71875,3.71875,4.71875],\"y\":[466,1081,2100,2949,2598],\"text\":[\"count:  466<br />cut: Fair<br />clarity: SI2\",\"count: 1081<br />cut: Good<br />clarity: SI2\",\"count: 2100<br />cut: Very Good<br />clarity: SI2\",\"count: 2949<br />cut: Premium<br />clarity: SI2\",\"count: 2598<br />cut: Ideal<br />clarity: SI2\"],\"type\":\"bar\",\"textposition\":\"none\",\"marker\":{\"autocolorscale\":false,\"color\":\"rgba(70,51,126,1)\",\"line\":{\"width\":1.88976377952756,\"color\":\"transparent\"}},\"name\":\"SI2\",\"legendgroup\":\"SI2\",\"showlegend\":true,\"xaxis\":\"x\",\"yaxis\":\"y\",\"hoverinfo\":\"text\",\"frame\":null},{\"orientation\":\"v\",\"width\":[0.1125,0.1125,0.1125,0.1125,0.112500000000001],\"base\":[0,0,0,0,0],\"x\":[0.83125,1.83125,2.83125,3.83125,4.83125],\"y\":[408,1560,3240,3575,4282],\"text\":[\"count:  408<br />cut: Fair<br />clarity: SI1\",\"count: 1560<br />cut: Good<br />clarity: SI1\",\"count: 3240<br />cut: Very Good<br />clarity: SI1\",\"count: 3575<br />cut: Premium<br />clarity: SI1\",\"count: 4282<br />cut: Ideal<br />clarity: SI1\"],\"type\":\"bar\",\"textposition\":\"none\",\"marker\":{\"autocolorscale\":false,\"color\":\"rgba(54,92,141,1)\",\"line\":{\"width\":1.88976377952756,\"color\":\"transparent\"}},\"name\":\"SI1\",\"legendgroup\":\"SI1\",\"showlegend\":true,\"xaxis\":\"x\",\"yaxis\":\"y\",\"hoverinfo\":\"text\",\"frame\":null},{\"orientation\":\"v\",\"width\":[0.1125,0.1125,0.1125,0.1125,0.112500000000001],\"base\":[0,0,0,0,0],\"x\":[0.94375,1.94375,2.94375,3.94375,4.94375],\"y\":[261,978,2591,3357,5071],\"text\":[\"count:  261<br />cut: Fair<br />clarity: VS2\",\"count:  978<br />cut: Good<br />clarity: VS2\",\"count: 2591<br />cut: Very Good<br />clarity: VS2\",\"count: 3357<br />cut: Premium<br />clarity: VS2\",\"count: 5071<br />cut: Ideal<br />clarity: VS2\"],\"type\":\"bar\",\"textposition\":\"none\",\"marker\":{\"autocolorscale\":false,\"color\":\"rgba(39,127,142,1)\",\"line\":{\"width\":1.88976377952756,\"color\":\"transparent\"}},\"name\":\"VS2\",\"legendgroup\":\"VS2\",\"showlegend\":true,\"xaxis\":\"x\",\"yaxis\":\"y\",\"hoverinfo\":\"text\",\"frame\":null},{\"orientation\":\"v\",\"width\":[0.1125,0.1125,0.1125,0.112500000000001,0.112500000000001],\"base\":[0,0,0,0,0],\"x\":[1.05625,2.05625,3.05625,4.05625,5.05625],\"y\":[170,648,1775,1989,3589],\"text\":[\"count:  170<br />cut: Fair<br />clarity: VS1\",\"count:  648<br />cut: Good<br />clarity: VS1\",\"count: 1775<br />cut: Very Good<br />clarity: VS1\",\"count: 1989<br />cut: Premium<br />clarity: VS1\",\"count: 3589<br />cut: Ideal<br />clarity: VS1\"],\"type\":\"bar\",\"textposition\":\"none\",\"marker\":{\"autocolorscale\":false,\"color\":\"rgba(31,161,135,1)\",\"line\":{\"width\":1.88976377952756,\"color\":\"transparent\"}},\"name\":\"VS1\",\"legendgroup\":\"VS1\",\"showlegend\":true,\"xaxis\":\"x\",\"yaxis\":\"y\",\"hoverinfo\":\"text\",\"frame\":null},{\"orientation\":\"v\",\"width\":[0.1125,0.1125,0.1125,0.112500000000001,0.112500000000001],\"base\":[0,0,0,0,0],\"x\":[1.16875,2.16875,3.16875,4.16875,5.16875],\"y\":[69,286,1235,870,2606],\"text\":[\"count:   69<br />cut: Fair<br />clarity: VVS2\",\"count:  286<br />cut: Good<br />clarity: VVS2\",\"count: 1235<br />cut: Very Good<br />clarity: VVS2\",\"count:  870<br />cut: Premium<br />clarity: VVS2\",\"count: 2606<br />cut: Ideal<br />clarity: VVS2\"],\"type\":\"bar\",\"textposition\":\"none\",\"marker\":{\"autocolorscale\":false,\"color\":\"rgba(74,193,109,1)\",\"line\":{\"width\":1.88976377952756,\"color\":\"transparent\"}},\"name\":\"VVS2\",\"legendgroup\":\"VVS2\",\"showlegend\":true,\"xaxis\":\"x\",\"yaxis\":\"y\",\"hoverinfo\":\"text\",\"frame\":null},{\"orientation\":\"v\",\"width\":[0.1125,0.1125,0.1125,0.112500000000001,0.112500000000001],\"base\":[0,0,0,0,0],\"x\":[1.28125,2.28125,3.28125,4.28125,5.28125],\"y\":[17,186,789,616,2047],\"text\":[\"count:   17<br />cut: Fair<br />clarity: VVS1\",\"count:  186<br />cut: Good<br />clarity: VVS1\",\"count:  789<br />cut: Very Good<br />clarity: VVS1\",\"count:  616<br />cut: Premium<br />clarity: VVS1\",\"count: 2047<br />cut: Ideal<br />clarity: VVS1\"],\"type\":\"bar\",\"textposition\":\"none\",\"marker\":{\"autocolorscale\":false,\"color\":\"rgba(159,218,58,1)\",\"line\":{\"width\":1.88976377952756,\"color\":\"transparent\"}},\"name\":\"VVS1\",\"legendgroup\":\"VVS1\",\"showlegend\":true,\"xaxis\":\"x\",\"yaxis\":\"y\",\"hoverinfo\":\"text\",\"frame\":null},{\"orientation\":\"v\",\"width\":[0.1125,0.1125,0.1125,0.112500000000001,0.112500000000001],\"base\":[0,0,0,0,0],\"x\":[1.39375,2.39375,3.39375,4.39375,5.39375],\"y\":[9,71,268,230,1212],\"text\":[\"count:    9<br />cut: Fair<br />clarity: IF\",\"count:   71<br />cut: Good<br />clarity: IF\",\"count:  268<br />cut: Very Good<br />clarity: IF\",\"count:  230<br />cut: Premium<br />clarity: IF\",\"count: 1212<br />cut: Ideal<br />clarity: IF\"],\"type\":\"bar\",\"textposition\":\"none\",\"marker\":{\"autocolorscale\":false,\"color\":\"rgba(253,231,37,1)\",\"line\":{\"width\":1.88976377952756,\"color\":\"transparent\"}},\"name\":\"IF\",\"legendgroup\":\"IF\",\"showlegend\":true,\"xaxis\":\"x\",\"yaxis\":\"y\",\"hoverinfo\":\"text\",\"frame\":null}],\"layout\":{\"margin\":{\"t\":27.4807566862361,\"r\":7.30593607305936,\"b\":41.4350945857795,\"l\":48.9497716894977},\"plot_bgcolor\":\"rgba(235,235,235,1)\",\"paper_bgcolor\":\"rgba(255,255,255,1)\",\"font\":{\"color\":\"rgba(0,0,0,1)\",\"family\":\"\",\"size\":14.6118721461187},\"xaxis\":{\"domain\":[0,1],\"automargin\":true,\"type\":\"linear\",\"autorange\":false,\"range\":[0.4,5.6],\"tickmode\":\"array\",\"ticktext\":[\"Fair\",\"Good\",\"Very Good\",\"Premium\",\"Ideal\"],\"tickvals\":[1,2,3,4,5],\"categoryorder\":\"array\",\"categoryarray\":[\"Fair\",\"Good\",\"Very Good\",\"Premium\",\"Ideal\"],\"nticks\":null,\"ticks\":\"outside\",\"tickcolor\":\"rgba(51,51,51,1)\",\"ticklen\":3.65296803652968,\"tickwidth\":0.66417600664176,\"showticklabels\":true,\"tickfont\":{\"color\":\"rgba(77,77,77,1)\",\"family\":\"\",\"size\":11.689497716895},\"tickangle\":-0,\"showline\":false,\"linecolor\":null,\"linewidth\":0,\"showgrid\":true,\"gridcolor\":\"rgba(255,255,255,1)\",\"gridwidth\":0.66417600664176,\"zeroline\":false,\"anchor\":\"y\",\"title\":{\"text\":\"cut\",\"font\":{\"color\":\"rgba(0,0,0,1)\",\"family\":\"\",\"size\":14.6118721461187}},\"hoverformat\":\".2f\"},\"yaxis\":{\"domain\":[0,1],\"automargin\":true,\"type\":\"linear\",\"autorange\":false,\"range\":[-253.55,5324.55],\"tickmode\":\"array\",\"ticktext\":[\"0\",\"1000\",\"2000\",\"3000\",\"4000\",\"5000\"],\"tickvals\":[0,1000,2000,3000,4000,5000],\"categoryorder\":\"array\",\"categoryarray\":[\"0\",\"1000\",\"2000\",\"3000\",\"4000\",\"5000\"],\"nticks\":null,\"ticks\":\"outside\",\"tickcolor\":\"rgba(51,51,51,1)\",\"ticklen\":3.65296803652968,\"tickwidth\":0.66417600664176,\"showticklabels\":true,\"tickfont\":{\"color\":\"rgba(77,77,77,1)\",\"family\":\"\",\"size\":11.689497716895},\"tickangle\":-0,\"showline\":false,\"linecolor\":null,\"linewidth\":0,\"showgrid\":true,\"gridcolor\":\"rgba(255,255,255,1)\",\"gridwidth\":0.66417600664176,\"zeroline\":false,\"anchor\":\"x\",\"title\":{\"text\":\"count\",\"font\":{\"color\":\"rgba(0,0,0,1)\",\"family\":\"\",\"size\":14.6118721461187}},\"hoverformat\":\".2f\"},\"shapes\":[{\"type\":\"rect\",\"fillcolor\":null,\"line\":{\"color\":null,\"width\":0,\"linetype\":[]},\"yref\":\"paper\",\"xref\":\"paper\",\"x0\":0,\"x1\":1,\"y0\":0,\"y1\":1}],\"showlegend\":true,\"legend\":{\"bgcolor\":\"rgba(255,255,255,1)\",\"bordercolor\":\"transparent\",\"borderwidth\":1.88976377952756,\"font\":{\"color\":\"rgba(0,0,0,1)\",\"family\":\"\",\"size\":11.689497716895},\"title\":{\"text\":\"clarity\",\"font\":{\"color\":\"rgba(0,0,0,1)\",\"family\":\"\",\"size\":14.6118721461187}}},\"hovermode\":\"closest\",\"barmode\":\"relative\"},\"config\":{\"doubleClick\":\"reset\",\"modeBarButtonsToAdd\":[\"hoverclosest\",\"hovercompare\"],\"showSendToCloud\":false},\"source\":\"A\",\"attrs\":{\"101523e201cf5\":{\"x\":{},\"fill\":{},\"type\":\"bar\"}},\"cur_data\":\"101523e201cf5\",\"visdat\":{\"101523e201cf5\":[\"function (y) \",\"x\"]},\"highlight\":{\"on\":\"plotly_click\",\"persistent\":false,\"dynamic\":false,\"selectize\":false,\"opacityDim\":0.2,\"selected\":{\"opacity\":1},\"debounce\":0},\"shinyEvents\":[\"plotly_hover\",\"plotly_click\",\"plotly_selected\",\"plotly_relayout\",\"plotly_brushed\",\"plotly_brushing\",\"plotly_clickannotation\",\"plotly_doubleclick\",\"plotly_deselect\",\"plotly_afterplot\",\"plotly_sunburstclick\"],\"base_url\":\"https://plot.ly\"},\"evals\":[],\"jsHooks\":[]}</script>\n```\n:::\n:::\n\n\n\n<br>\n\nHere's an example of an embedded interactive map using the `leaflet` package:\n\n\n\n::: {.cell}\n\n```{.r .cell-code}\nlibrary(leaflet)\nleaflet() %>%\n  addTiles() %>%  # Add default OpenStreetMap map tiles\n  addMarkers(lng=-75.1652, lat=39.9526, popup=\"THIS IS THE BIRTHPLACE of THIS DOCUMENT!\")\n```\n\n::: {.cell-output-display}\n```{=html}\n<div class=\"leaflet html-widget html-fill-item-overflow-hidden html-fill-item\" id=\"htmlwidget-d944437212d0fc7ffda3\" style=\"width:1650px;height:1050px;\"></div>\n<script type=\"application/json\" data-for=\"htmlwidget-d944437212d0fc7ffda3\">{\"x\":{\"options\":{\"crs\":{\"crsClass\":\"L.CRS.EPSG3857\",\"code\":null,\"proj4def\":null,\"projectedBounds\":null,\"options\":{}}},\"calls\":[{\"method\":\"addTiles\",\"args\":[\"https://{s}.tile.openstreetmap.org/{z}/{x}/{y}.png\",null,null,{\"minZoom\":0,\"maxZoom\":18,\"tileSize\":256,\"subdomains\":\"abc\",\"errorTileUrl\":\"\",\"tms\":false,\"noWrap\":false,\"zoomOffset\":0,\"zoomReverse\":false,\"opacity\":1,\"zIndex\":1,\"detectRetina\":false,\"attribution\":\"&copy; <a href=\\\"https://openstreetmap.org\\\">OpenStreetMap<\\/a> contributors, <a href=\\\"https://creativecommons.org/licenses/by-sa/2.0/\\\">CC-BY-SA<\\/a>\"}]},{\"method\":\"addMarkers\",\"args\":[39.9526,-75.1652,null,null,null,{\"interactive\":true,\"draggable\":false,\"keyboard\":true,\"title\":\"\",\"alt\":\"\",\"zIndexOffset\":0,\"opacity\":1,\"riseOnHover\":false,\"riseOffset\":250},\"THIS IS THE BIRTHPLACE of THIS DOCUMENT!\",null,null,null,null,{\"interactive\":false,\"permanent\":false,\"direction\":\"auto\",\"opacity\":1,\"offset\":[0,0],\"textsize\":\"10px\",\"textOnly\":false,\"className\":\"\",\"sticky\":true},null]}],\"limits\":{\"lat\":[39.9526,39.9526],\"lng\":[-75.1652,-75.1652]}},\"evals\":[],\"jsHooks\":[]}</script>\n```\n:::\n:::\n\n\n\n## Other Useful Features\n\n1.  Ability to cross-reference chapters, sections, tables, and figures.\n\n2.  Automatic numbering of chapters and sections.\n\n3.  You can create diagrams directly in Quarto using simple syntax that is automatically rendered into a drawing.\n\n4.  Global and local-level controls of formatting, CSS styling, publishing output, etc.\n\n5.  Leave inline comments for revisions and reviews that are not rendered in the output.\n\n    ![Fig. 4 Inline comments](images/visual-editing-comment.png){width=\"900\"}\n",
    "supporting": [
      "intro_files/figure-pdf"
    ],
    "filters": [
      "rmarkdown/pagebreak.lua"
    ],
    "includes": {},
    "engineDependencies": {
      "knitr": [
        "{\"type\":\"list\",\"attributes\":{\"knit_meta_id\":{\"type\":\"character\",\"attributes\":{},\"value\":[\"unnamed-chunk-3\",\"unnamed-chunk-3\",\"unnamed-chunk-3\",\"unnamed-chunk-3\",\"unnamed-chunk-3\",\"unnamed-chunk-3\",\"unnamed-chunk-3\",\"unnamed-chunk-4\",\"unnamed-chunk-4\",\"unnamed-chunk-4\",\"unnamed-chunk-4\",\"unnamed-chunk-4\",\"unnamed-chunk-4\",\"unnamed-chunk-4\",\"unnamed-chunk-4\",\"unnamed-chunk-5\",\"unnamed-chunk-5\",\"unnamed-chunk-5\",\"unnamed-chunk-5\",\"unnamed-chunk-5\",\"unnamed-chunk-5\",\"unnamed-chunk-5\",\"unnamed-chunk-5\"]}},\"value\":[{\"type\":\"list\",\"attributes\":{\"names\":{\"type\":\"character\",\"attributes\":{},\"value\":[\"name\",\"version\",\"src\",\"meta\",\"script\",\"stylesheet\",\"head\",\"attachment\",\"package\",\"all_files\"]},\"class\":{\"type\":\"character\",\"attributes\":{},\"value\":[\"html_dependency\"]}},\"value\":[{\"type\":\"character\",\"attributes\":{},\"value\":[\"htmlwidgets\"]},{\"type\":\"character\",\"attributes\":{},\"value\":[\"1.6.2\"]},{\"type\":\"list\",\"attributes\":{\"names\":{\"type\":\"character\",\"attributes\":{},\"value\":[\"file\"]}},\"value\":[{\"type\":\"character\",\"attributes\":{},\"value\":[\"www\"]}]},{\"type\":\"NULL\"},{\"type\":\"character\",\"attributes\":{},\"value\":[\"htmlwidgets.js\"]},{\"type\":\"NULL\"},{\"type\":\"NULL\"},{\"type\":\"NULL\"},{\"type\":\"character\",\"attributes\":{},\"value\":[\"htmlwidgets\"]},{\"type\":\"logical\",\"attributes\":{},\"value\":[true]}]},{\"type\":\"list\",\"attributes\":{\"names\":{\"type\":\"character\",\"attributes\":{},\"value\":[\"name\",\"version\",\"src\",\"meta\",\"script\",\"stylesheet\",\"head\",\"attachment\",\"package\",\"all_files\"]},\"class\":{\"type\":\"character\",\"attributes\":{},\"value\":[\"html_dependency\"]}},\"value\":[{\"type\":\"character\",\"attributes\":{},\"value\":[\"jquery\"]},{\"type\":\"character\",\"attributes\":{},\"value\":[\"1.11.1\"]},{\"type\":\"list\",\"attributes\":{\"names\":{\"type\":\"character\",\"attributes\":{},\"value\":[\"file\"]}},\"value\":[{\"type\":\"character\",\"attributes\":{},\"value\":[\"htmlwidgets/lib/jquery\"]}]},{\"type\":\"NULL\"},{\"type\":\"character\",\"attributes\":{},\"value\":[\"jquery.min.js\"]},{\"type\":\"NULL\"},{\"type\":\"NULL\"},{\"type\":\"NULL\"},{\"type\":\"character\",\"attributes\":{},\"value\":[\"dygraphs\"]},{\"type\":\"logical\",\"attributes\":{},\"value\":[true]}]},{\"type\":\"list\",\"attributes\":{\"names\":{\"type\":\"character\",\"attributes\":{},\"value\":[\"name\",\"version\",\"src\",\"meta\",\"script\",\"stylesheet\",\"head\",\"attachment\",\"package\",\"all_files\"]},\"class\":{\"type\":\"character\",\"attributes\":{},\"value\":[\"html_dependency\"]}},\"value\":[{\"type\":\"character\",\"attributes\":{},\"value\":[\"dygraphs\"]},{\"type\":\"character\",\"attributes\":{},\"value\":[\"1.1.1\"]},{\"type\":\"list\",\"attributes\":{\"names\":{\"type\":\"character\",\"attributes\":{},\"value\":[\"file\"]}},\"value\":[{\"type\":\"character\",\"attributes\":{},\"value\":[\"htmlwidgets/lib/dygraphs\"]}]},{\"type\":\"NULL\"},{\"type\":\"character\",\"attributes\":{},\"value\":[\"dygraph-combined.js\",\"shapes.js\"]},{\"type\":\"character\",\"attributes\":{},\"value\":[\"dygraph.css\"]},{\"type\":\"NULL\"},{\"type\":\"NULL\"},{\"type\":\"character\",\"attributes\":{},\"value\":[\"dygraphs\"]},{\"type\":\"logical\",\"attributes\":{},\"value\":[true]}]},{\"type\":\"list\",\"attributes\":{\"names\":{\"type\":\"character\",\"attributes\":{},\"value\":[\"name\",\"version\",\"src\",\"meta\",\"script\",\"stylesheet\",\"head\",\"attachment\",\"package\",\"all_files\"]},\"class\":{\"type\":\"character\",\"attributes\":{},\"value\":[\"html_dependency\"]}},\"value\":[{\"type\":\"character\",\"attributes\":{},\"value\":[\"moment\"]},{\"type\":\"character\",\"attributes\":{},\"value\":[\"2.8.4\"]},{\"type\":\"list\",\"attributes\":{\"names\":{\"type\":\"character\",\"attributes\":{},\"value\":[\"file\"]}},\"value\":[{\"type\":\"character\",\"attributes\":{},\"value\":[\"htmlwidgets/lib/timezone\"]}]},{\"type\":\"NULL\"},{\"type\":\"character\",\"attributes\":{},\"value\":[\"moment.js\"]},{\"type\":\"NULL\"},{\"type\":\"NULL\"},{\"type\":\"NULL\"},{\"type\":\"character\",\"attributes\":{},\"value\":[\"dygraphs\"]},{\"type\":\"logical\",\"attributes\":{},\"value\":[true]}]},{\"type\":\"list\",\"attributes\":{\"names\":{\"type\":\"character\",\"attributes\":{},\"value\":[\"name\",\"version\",\"src\",\"meta\",\"script\",\"stylesheet\",\"head\",\"attachment\",\"package\",\"all_files\"]},\"class\":{\"type\":\"character\",\"attributes\":{},\"value\":[\"html_dependency\"]}},\"value\":[{\"type\":\"character\",\"attributes\":{},\"value\":[\"moment-timezone\"]},{\"type\":\"character\",\"attributes\":{},\"value\":[\"0.2.5\"]},{\"type\":\"list\",\"attributes\":{\"names\":{\"type\":\"character\",\"attributes\":{},\"value\":[\"file\"]}},\"value\":[{\"type\":\"character\",\"attributes\":{},\"value\":[\"htmlwidgets/lib/timezone\"]}]},{\"type\":\"NULL\"},{\"type\":\"character\",\"attributes\":{},\"value\":[\"moment-timezone-with-data.js\"]},{\"type\":\"NULL\"},{\"type\":\"NULL\"},{\"type\":\"NULL\"},{\"type\":\"character\",\"attributes\":{},\"value\":[\"dygraphs\"]},{\"type\":\"logical\",\"attributes\":{},\"value\":[true]}]},{\"type\":\"list\",\"attributes\":{\"names\":{\"type\":\"character\",\"attributes\":{},\"value\":[\"name\",\"version\",\"src\",\"meta\",\"script\",\"stylesheet\",\"head\",\"attachment\",\"package\",\"all_files\"]},\"class\":{\"type\":\"character\",\"attributes\":{},\"value\":[\"html_dependency\"]}},\"value\":[{\"type\":\"character\",\"attributes\":{},\"value\":[\"moment-fquarter\"]},{\"type\":\"character\",\"attributes\":{},\"value\":[\"1.0.0\"]},{\"type\":\"list\",\"attributes\":{\"names\":{\"type\":\"character\",\"attributes\":{},\"value\":[\"file\"]}},\"value\":[{\"type\":\"character\",\"attributes\":{},\"value\":[\"htmlwidgets/lib/fquarter\"]}]},{\"type\":\"NULL\"},{\"type\":\"character\",\"attributes\":{},\"value\":[\"moment-fquarter.min.js\"]},{\"type\":\"NULL\"},{\"type\":\"NULL\"},{\"type\":\"NULL\"},{\"type\":\"character\",\"attributes\":{},\"value\":[\"dygraphs\"]},{\"type\":\"logical\",\"attributes\":{},\"value\":[true]}]},{\"type\":\"list\",\"attributes\":{\"names\":{\"type\":\"character\",\"attributes\":{},\"value\":[\"name\",\"version\",\"src\",\"meta\",\"script\",\"stylesheet\",\"head\",\"attachment\",\"package\",\"all_files\"]},\"class\":{\"type\":\"character\",\"attributes\":{},\"value\":[\"html_dependency\"]}},\"value\":[{\"type\":\"character\",\"attributes\":{},\"value\":[\"dygraphs-binding\"]},{\"type\":\"character\",\"attributes\":{},\"value\":[\"1.1.1.6\"]},{\"type\":\"list\",\"attributes\":{\"names\":{\"type\":\"character\",\"attributes\":{},\"value\":[\"file\"]}},\"value\":[{\"type\":\"character\",\"attributes\":{},\"value\":[\"htmlwidgets\"]}]},{\"type\":\"NULL\"},{\"type\":\"character\",\"attributes\":{},\"value\":[\"dygraphs.js\"]},{\"type\":\"NULL\"},{\"type\":\"NULL\"},{\"type\":\"NULL\"},{\"type\":\"character\",\"attributes\":{},\"value\":[\"dygraphs\"]},{\"type\":\"logical\",\"attributes\":{},\"value\":[false]}]},{\"type\":\"list\",\"attributes\":{\"names\":{\"type\":\"character\",\"attributes\":{},\"value\":[\"name\",\"version\",\"src\",\"meta\",\"script\",\"stylesheet\",\"head\",\"attachment\",\"package\",\"all_files\"]},\"class\":{\"type\":\"character\",\"attributes\":{},\"value\":[\"html_dependency\"]}},\"value\":[{\"type\":\"character\",\"attributes\":{},\"value\":[\"htmlwidgets\"]},{\"type\":\"character\",\"attributes\":{},\"value\":[\"1.6.2\"]},{\"type\":\"list\",\"attributes\":{\"names\":{\"type\":\"character\",\"attributes\":{},\"value\":[\"file\"]}},\"value\":[{\"type\":\"character\",\"attributes\":{},\"value\":[\"www\"]}]},{\"type\":\"NULL\"},{\"type\":\"character\",\"attributes\":{},\"value\":[\"htmlwidgets.js\"]},{\"type\":\"NULL\"},{\"type\":\"NULL\"},{\"type\":\"NULL\"},{\"type\":\"character\",\"attributes\":{},\"value\":[\"htmlwidgets\"]},{\"type\":\"logical\",\"attributes\":{},\"value\":[true]}]},{\"type\":\"list\",\"attributes\":{\"names\":{\"type\":\"character\",\"attributes\":{},\"value\":[\"name\",\"version\",\"src\",\"meta\",\"script\",\"stylesheet\",\"head\",\"attachment\",\"package\",\"all_files\"]},\"class\":{\"type\":\"character\",\"attributes\":{},\"value\":[\"html_dependency\"]}},\"value\":[{\"type\":\"character\",\"attributes\":{},\"value\":[\"plotly-binding\"]},{\"type\":\"character\",\"attributes\":{},\"value\":[\"4.10.2\"]},{\"type\":\"list\",\"attributes\":{\"names\":{\"type\":\"character\",\"attributes\":{},\"value\":[\"file\"]}},\"value\":[{\"type\":\"character\",\"attributes\":{},\"value\":[\"htmlwidgets\"]}]},{\"type\":\"NULL\"},{\"type\":\"character\",\"attributes\":{},\"value\":[\"plotly.js\"]},{\"type\":\"NULL\"},{\"type\":\"NULL\"},{\"type\":\"NULL\"},{\"type\":\"character\",\"attributes\":{},\"value\":[\"plotly\"]},{\"type\":\"logical\",\"attributes\":{},\"value\":[false]}]},{\"type\":\"list\",\"attributes\":{\"names\":{\"type\":\"character\",\"attributes\":{},\"value\":[\"name\",\"version\",\"src\",\"meta\",\"script\",\"stylesheet\",\"head\",\"attachment\",\"package\",\"all_files\"]},\"class\":{\"type\":\"character\",\"attributes\":{},\"value\":[\"html_dependency\"]}},\"value\":[{\"type\":\"character\",\"attributes\":{},\"value\":[\"setprototypeof\"]},{\"type\":\"character\",\"attributes\":{},\"value\":[\"0.1\"]},{\"type\":\"list\",\"attributes\":{\"names\":{\"type\":\"character\",\"attributes\":{},\"value\":[\"file\"]}},\"value\":[{\"type\":\"character\",\"attributes\":{},\"value\":[\"htmlwidgets/lib/setprototypeof\"]}]},{\"type\":\"NULL\"},{\"type\":\"character\",\"attributes\":{},\"value\":[\"setprototypeof.js\"]},{\"type\":\"NULL\"},{\"type\":\"NULL\"},{\"type\":\"NULL\"},{\"type\":\"character\",\"attributes\":{},\"value\":[\"plotly\"]},{\"type\":\"logical\",\"attributes\":{},\"value\":[false]}]},{\"type\":\"list\",\"attributes\":{\"names\":{\"type\":\"character\",\"attributes\":{},\"value\":[\"name\",\"version\",\"src\",\"meta\",\"script\",\"stylesheet\",\"head\",\"attachment\",\"package\",\"all_files\"]},\"class\":{\"type\":\"character\",\"attributes\":{},\"value\":[\"html_dependency\"]}},\"value\":[{\"type\":\"character\",\"attributes\":{},\"value\":[\"typedarray\"]},{\"type\":\"character\",\"attributes\":{},\"value\":[\"0.1\"]},{\"type\":\"list\",\"attributes\":{\"names\":{\"type\":\"character\",\"attributes\":{},\"value\":[\"file\"]}},\"value\":[{\"type\":\"character\",\"attributes\":{},\"value\":[\"htmlwidgets/lib/typedarray\"]}]},{\"type\":\"NULL\"},{\"type\":\"character\",\"attributes\":{},\"value\":[\"typedarray.min.js\"]},{\"type\":\"NULL\"},{\"type\":\"NULL\"},{\"type\":\"NULL\"},{\"type\":\"character\",\"attributes\":{},\"value\":[\"plotly\"]},{\"type\":\"logical\",\"attributes\":{},\"value\":[false]}]},{\"type\":\"list\",\"attributes\":{\"names\":{\"type\":\"character\",\"attributes\":{},\"value\":[\"name\",\"version\",\"src\",\"meta\",\"script\",\"stylesheet\",\"head\",\"attachment\",\"package\",\"all_files\"]},\"class\":{\"type\":\"character\",\"attributes\":{},\"value\":[\"html_dependency\"]}},\"value\":[{\"type\":\"character\",\"attributes\":{},\"value\":[\"jquery\"]},{\"type\":\"character\",\"attributes\":{},\"value\":[\"3.5.1\"]},{\"type\":\"list\",\"attributes\":{\"names\":{\"type\":\"character\",\"attributes\":{},\"value\":[\"file\"]}},\"value\":[{\"type\":\"character\",\"attributes\":{},\"value\":[\"lib/jquery\"]}]},{\"type\":\"NULL\"},{\"type\":\"character\",\"attributes\":{},\"value\":[\"jquery.min.js\"]},{\"type\":\"NULL\"},{\"type\":\"NULL\"},{\"type\":\"NULL\"},{\"type\":\"character\",\"attributes\":{},\"value\":[\"crosstalk\"]},{\"type\":\"logical\",\"attributes\":{},\"value\":[true]}]},{\"type\":\"list\",\"attributes\":{\"names\":{\"type\":\"character\",\"attributes\":{},\"value\":[\"name\",\"version\",\"src\",\"meta\",\"script\",\"stylesheet\",\"head\",\"attachment\",\"package\",\"all_files\"]},\"class\":{\"type\":\"character\",\"attributes\":{},\"value\":[\"html_dependency\"]}},\"value\":[{\"type\":\"character\",\"attributes\":{},\"value\":[\"crosstalk\"]},{\"type\":\"character\",\"attributes\":{},\"value\":[\"1.2.0\"]},{\"type\":\"list\",\"attributes\":{\"names\":{\"type\":\"character\",\"attributes\":{},\"value\":[\"file\"]}},\"value\":[{\"type\":\"character\",\"attributes\":{},\"value\":[\"www\"]}]},{\"type\":\"NULL\"},{\"type\":\"character\",\"attributes\":{},\"value\":[\"js/crosstalk.min.js\"]},{\"type\":\"character\",\"attributes\":{},\"value\":[\"css/crosstalk.min.css\"]},{\"type\":\"NULL\"},{\"type\":\"NULL\"},{\"type\":\"character\",\"attributes\":{},\"value\":[\"crosstalk\"]},{\"type\":\"logical\",\"attributes\":{},\"value\":[true]}]},{\"type\":\"list\",\"attributes\":{\"names\":{\"type\":\"character\",\"attributes\":{},\"value\":[\"name\",\"version\",\"src\",\"meta\",\"script\",\"stylesheet\",\"head\",\"attachment\",\"package\",\"all_files\"]},\"class\":{\"type\":\"character\",\"attributes\":{},\"value\":[\"html_dependency\"]}},\"value\":[{\"type\":\"character\",\"attributes\":{},\"value\":[\"plotly-htmlwidgets-css\"]},{\"type\":\"character\",\"attributes\":{},\"value\":[\"2.11.1\"]},{\"type\":\"list\",\"attributes\":{\"names\":{\"type\":\"character\",\"attributes\":{},\"value\":[\"file\"]}},\"value\":[{\"type\":\"character\",\"attributes\":{},\"value\":[\"htmlwidgets/lib/plotlyjs\"]}]},{\"type\":\"NULL\"},{\"type\":\"NULL\"},{\"type\":\"character\",\"attributes\":{},\"value\":[\"plotly-htmlwidgets.css\"]},{\"type\":\"NULL\"},{\"type\":\"NULL\"},{\"type\":\"character\",\"attributes\":{},\"value\":[\"plotly\"]},{\"type\":\"logical\",\"attributes\":{},\"value\":[false]}]},{\"type\":\"list\",\"attributes\":{\"names\":{\"type\":\"character\",\"attributes\":{},\"value\":[\"name\",\"version\",\"src\",\"meta\",\"script\",\"stylesheet\",\"head\",\"attachment\",\"package\",\"all_files\"]},\"class\":{\"type\":\"character\",\"attributes\":{},\"value\":[\"html_dependency\"]}},\"value\":[{\"type\":\"character\",\"attributes\":{},\"value\":[\"plotly-main\"]},{\"type\":\"character\",\"attributes\":{},\"value\":[\"2.11.1\"]},{\"type\":\"list\",\"attributes\":{\"names\":{\"type\":\"character\",\"attributes\":{},\"value\":[\"file\"]}},\"value\":[{\"type\":\"character\",\"attributes\":{},\"value\":[\"htmlwidgets/lib/plotlyjs\"]}]},{\"type\":\"NULL\"},{\"type\":\"character\",\"attributes\":{},\"value\":[\"plotly-latest.min.js\"]},{\"type\":\"NULL\"},{\"type\":\"NULL\"},{\"type\":\"NULL\"},{\"type\":\"character\",\"attributes\":{},\"value\":[\"plotly\"]},{\"type\":\"logical\",\"attributes\":{},\"value\":[false]}]},{\"type\":\"list\",\"attributes\":{\"names\":{\"type\":\"character\",\"attributes\":{},\"value\":[\"name\",\"version\",\"src\",\"meta\",\"script\",\"stylesheet\",\"head\",\"attachment\",\"package\",\"all_files\"]},\"class\":{\"type\":\"character\",\"attributes\":{},\"value\":[\"html_dependency\"]}},\"value\":[{\"type\":\"character\",\"attributes\":{},\"value\":[\"htmlwidgets\"]},{\"type\":\"character\",\"attributes\":{},\"value\":[\"1.6.2\"]},{\"type\":\"list\",\"attributes\":{\"names\":{\"type\":\"character\",\"attributes\":{},\"value\":[\"file\"]}},\"value\":[{\"type\":\"character\",\"attributes\":{},\"value\":[\"www\"]}]},{\"type\":\"NULL\"},{\"type\":\"character\",\"attributes\":{},\"value\":[\"htmlwidgets.js\"]},{\"type\":\"NULL\"},{\"type\":\"NULL\"},{\"type\":\"NULL\"},{\"type\":\"character\",\"attributes\":{},\"value\":[\"htmlwidgets\"]},{\"type\":\"logical\",\"attributes\":{},\"value\":[true]}]},{\"type\":\"list\",\"attributes\":{\"names\":{\"type\":\"character\",\"attributes\":{},\"value\":[\"name\",\"version\",\"src\",\"meta\",\"script\",\"stylesheet\",\"head\",\"attachment\",\"package\",\"all_files\"]},\"class\":{\"type\":\"character\",\"attributes\":{},\"value\":[\"html_dependency\"]}},\"value\":[{\"type\":\"character\",\"attributes\":{},\"value\":[\"jquery\"]},{\"type\":\"character\",\"attributes\":{},\"value\":[\"1.12.4\"]},{\"type\":\"list\",\"attributes\":{\"names\":{\"type\":\"character\",\"attributes\":{},\"value\":[\"file\"]}},\"value\":[{\"type\":\"character\",\"attributes\":{},\"value\":[\"htmlwidgets/lib/jquery\"]}]},{\"type\":\"NULL\"},{\"type\":\"character\",\"attributes\":{},\"value\":[\"jquery.min.js\"]},{\"type\":\"NULL\"},{\"type\":\"NULL\"},{\"type\":\"NULL\"},{\"type\":\"character\",\"attributes\":{},\"value\":[\"leaflet\"]},{\"type\":\"logical\",\"attributes\":{},\"value\":[true]}]},{\"type\":\"list\",\"attributes\":{\"names\":{\"type\":\"character\",\"attributes\":{},\"value\":[\"name\",\"version\",\"src\",\"meta\",\"script\",\"stylesheet\",\"head\",\"attachment\",\"package\",\"all_files\"]},\"class\":{\"type\":\"character\",\"attributes\":{},\"value\":[\"html_dependency\"]}},\"value\":[{\"type\":\"character\",\"attributes\":{},\"value\":[\"leaflet\"]},{\"type\":\"character\",\"attributes\":{},\"value\":[\"1.3.1\"]},{\"type\":\"list\",\"attributes\":{\"names\":{\"type\":\"character\",\"attributes\":{},\"value\":[\"file\"]}},\"value\":[{\"type\":\"character\",\"attributes\":{},\"value\":[\"htmlwidgets/lib/leaflet\"]}]},{\"type\":\"NULL\"},{\"type\":\"character\",\"attributes\":{},\"value\":[\"leaflet.js\"]},{\"type\":\"character\",\"attributes\":{},\"value\":[\"leaflet.css\"]},{\"type\":\"NULL\"},{\"type\":\"NULL\"},{\"type\":\"character\",\"attributes\":{},\"value\":[\"leaflet\"]},{\"type\":\"logical\",\"attributes\":{},\"value\":[true]}]},{\"type\":\"list\",\"attributes\":{\"names\":{\"type\":\"character\",\"attributes\":{},\"value\":[\"name\",\"version\",\"src\",\"meta\",\"script\",\"stylesheet\",\"head\",\"attachment\",\"package\",\"all_files\"]},\"class\":{\"type\":\"character\",\"attributes\":{},\"value\":[\"html_dependency\"]}},\"value\":[{\"type\":\"character\",\"attributes\":{},\"value\":[\"leafletfix\"]},{\"type\":\"character\",\"attributes\":{},\"value\":[\"1.0.0\"]},{\"type\":\"list\",\"attributes\":{\"names\":{\"type\":\"character\",\"attributes\":{},\"value\":[\"file\"]}},\"value\":[{\"type\":\"character\",\"attributes\":{},\"value\":[\"htmlwidgets/lib/leafletfix\"]}]},{\"type\":\"NULL\"},{\"type\":\"NULL\"},{\"type\":\"character\",\"attributes\":{},\"value\":[\"leafletfix.css\"]},{\"type\":\"NULL\"},{\"type\":\"NULL\"},{\"type\":\"character\",\"attributes\":{},\"value\":[\"leaflet\"]},{\"type\":\"logical\",\"attributes\":{},\"value\":[true]}]},{\"type\":\"list\",\"attributes\":{\"names\":{\"type\":\"character\",\"attributes\":{},\"value\":[\"name\",\"version\",\"src\",\"meta\",\"script\",\"stylesheet\",\"head\",\"attachment\",\"package\",\"all_files\"]},\"class\":{\"type\":\"character\",\"attributes\":{},\"value\":[\"html_dependency\"]}},\"value\":[{\"type\":\"character\",\"attributes\":{},\"value\":[\"proj4\"]},{\"type\":\"character\",\"attributes\":{},\"value\":[\"2.6.2\"]},{\"type\":\"list\",\"attributes\":{\"names\":{\"type\":\"character\",\"attributes\":{},\"value\":[\"file\"]}},\"value\":[{\"type\":\"character\",\"attributes\":{},\"value\":[\"htmlwidgets/plugins/Proj4Leaflet\"]}]},{\"type\":\"NULL\"},{\"type\":\"character\",\"attributes\":{},\"value\":[\"proj4.min.js\"]},{\"type\":\"NULL\"},{\"type\":\"NULL\"},{\"type\":\"NULL\"},{\"type\":\"character\",\"attributes\":{},\"value\":[\"leaflet\"]},{\"type\":\"logical\",\"attributes\":{},\"value\":[false]}]},{\"type\":\"list\",\"attributes\":{\"names\":{\"type\":\"character\",\"attributes\":{},\"value\":[\"name\",\"version\",\"src\",\"meta\",\"script\",\"stylesheet\",\"head\",\"attachment\",\"package\",\"all_files\"]},\"class\":{\"type\":\"character\",\"attributes\":{},\"value\":[\"html_dependency\"]}},\"value\":[{\"type\":\"character\",\"attributes\":{},\"value\":[\"Proj4Leaflet\"]},{\"type\":\"character\",\"attributes\":{},\"value\":[\"1.0.1\"]},{\"type\":\"list\",\"attributes\":{\"names\":{\"type\":\"character\",\"attributes\":{},\"value\":[\"file\"]}},\"value\":[{\"type\":\"character\",\"attributes\":{},\"value\":[\"htmlwidgets/plugins/Proj4Leaflet\"]}]},{\"type\":\"NULL\"},{\"type\":\"character\",\"attributes\":{},\"value\":[\"proj4leaflet.js\"]},{\"type\":\"NULL\"},{\"type\":\"NULL\"},{\"type\":\"NULL\"},{\"type\":\"character\",\"attributes\":{},\"value\":[\"leaflet\"]},{\"type\":\"logical\",\"attributes\":{},\"value\":[false]}]},{\"type\":\"list\",\"attributes\":{\"names\":{\"type\":\"character\",\"attributes\":{},\"value\":[\"name\",\"version\",\"src\",\"meta\",\"script\",\"stylesheet\",\"head\",\"attachment\",\"package\",\"all_files\"]},\"class\":{\"type\":\"character\",\"attributes\":{},\"value\":[\"html_dependency\"]}},\"value\":[{\"type\":\"character\",\"attributes\":{},\"value\":[\"rstudio_leaflet\"]},{\"type\":\"character\",\"attributes\":{},\"value\":[\"1.3.1\"]},{\"type\":\"list\",\"attributes\":{\"names\":{\"type\":\"character\",\"attributes\":{},\"value\":[\"file\"]}},\"value\":[{\"type\":\"character\",\"attributes\":{},\"value\":[\"htmlwidgets/lib/rstudio_leaflet\"]}]},{\"type\":\"NULL\"},{\"type\":\"NULL\"},{\"type\":\"character\",\"attributes\":{},\"value\":[\"rstudio_leaflet.css\"]},{\"type\":\"NULL\"},{\"type\":\"NULL\"},{\"type\":\"character\",\"attributes\":{},\"value\":[\"leaflet\"]},{\"type\":\"logical\",\"attributes\":{},\"value\":[true]}]},{\"type\":\"list\",\"attributes\":{\"names\":{\"type\":\"character\",\"attributes\":{},\"value\":[\"name\",\"version\",\"src\",\"meta\",\"script\",\"stylesheet\",\"head\",\"attachment\",\"package\",\"all_files\"]},\"class\":{\"type\":\"character\",\"attributes\":{},\"value\":[\"html_dependency\"]}},\"value\":[{\"type\":\"character\",\"attributes\":{},\"value\":[\"leaflet-binding\"]},{\"type\":\"character\",\"attributes\":{},\"value\":[\"2.1.2\"]},{\"type\":\"list\",\"attributes\":{\"names\":{\"type\":\"character\",\"attributes\":{},\"value\":[\"file\"]}},\"value\":[{\"type\":\"character\",\"attributes\":{},\"value\":[\"htmlwidgets\"]}]},{\"type\":\"NULL\"},{\"type\":\"character\",\"attributes\":{},\"value\":[\"leaflet.js\"]},{\"type\":\"NULL\"},{\"type\":\"NULL\"},{\"type\":\"NULL\"},{\"type\":\"character\",\"attributes\":{},\"value\":[\"leaflet\"]},{\"type\":\"logical\",\"attributes\":{},\"value\":[false]}]}]}"
      ]
    },
    "preserve": null,
    "postProcess": false
  }
}