{"title":"Model Operations and Controls","markdown":{"headingText":"Model Operations and Controls","containsRefs":false,"markdown":"\n## Operations\n\nLorem ipsum dolor sit amet, consectetur adipiscing elit, sed do eiusmod tempor incididunt ut labore et dolore magna aliqua. Lectus magna fringilla urna porttitor rhoncus. Non sodales neque sodales ut. Ipsum suspendisse ultrices gravida dictum fusce. Vulputate mi sit amet mauris commodo. Senectus et netus et malesuada fames ac. Lacus vestibulum sed arcu non odio euismod lacinia at quis. Sociis natoque penatibus et magnis dis. Dictum varius duis at consectetur lorem donec massa. Suspendisse in est ante in. Nunc sed blandit libero volutpat sed cras ornare arcu dui. Turpis egestas pretium aenean pharetra magna ac. Libero justo laoreet sit amet cursus sit amet. Massa tincidunt nunc pulvinar sapien. Neque convallis a cras semper auctor neque vitae. Lorem donec massa sapien faucibus et molestie. Sed adipiscing diam donec adipiscing tristique risus nec.\n\n## Controls \n\nPretium aenean pharetra magna ac placerat vestibulum lectus. Aliquet nec ullamcorper sit amet risus nullam eget. Magnis dis parturient montes nascetur ridiculus mus mauris vitae ultricies. Sapien faucibus et molestie ac. Cursus turpis massa tincidunt dui. Quam pellentesque nec nam aliquam sem et tortor. Quis hendrerit dolor magna eget est lorem ipsum. Tristique risus nec feugiat in fermentum posuere urna. Magna etiam tempor orci eu lobortis. Commodo elit at imperdiet dui. Non curabitur gravida arcu ac. Vivamus at augue eget arcu. Ut tellus elementum sagittis vitae et leo. Sed faucibus turpis in eu mi bibendum neque egestas congue.\n"},"formats":{"html":{"execute":{"fig-width":7,"fig-height":5,"fig-format":"retina","fig-dpi":96,"df-print":"default","error":false,"eval":true,"cache":null,"freeze":false,"echo":true,"output":true,"warning":true,"include":true,"keep-md":false,"keep-ipynb":false,"ipynb":null,"enabled":null,"daemon":null,"daemon-restart":false,"debug":false,"ipynb-filters":[],"engine":"markdown"},"render":{"keep-tex":false,"keep-source":false,"keep-hidden":false,"prefer-html":false,"output-divs":true,"output-ext":"html","fig-align":"default","fig-pos":null,"fig-env":null,"code-fold":true,"code-overflow":"scroll","code-link":false,"code-line-numbers":false,"code-tools":false,"tbl-colwidths":"auto","merge-includes":true,"latex-auto-mk":true,"latex-auto-install":true,"latex-clean":true,"latex-max-runs":10,"latex-makeindex":"makeindex","latex-makeindex-opts":[],"latex-tlmgr-opts":[],"latex-input-paths":[],"latex-output-dir":null,"link-external-icon":false,"link-external-newwindow":false,"self-contained-math":false,"format-resources":[]},"pandoc":{"standalone":true,"wrap":"none","default-image-extension":"png","to":"html","output-file":"controls.html"},"language":{},"metadata":{"lang":"en","fig-responsive":true,"quarto-version":"1.2.475","number-depth":2,"editor":"visual","theme":{"light":"cosmo","dark":"darkly"}},"extensions":{"book":{"multiFile":true}}}}}