{"title":"Estimation Data","markdown":{"headingText":"Estimation Data","containsRefs":false,"markdown":"\n## Data Sources and Content\n\nLobortis scelerisque fermentum dui faucibus. Non consectetur a erat nam at lectus urna duis. Elit pellentesque habitant morbi tristique. Ultrices vitae auctor eu augue. Duis tristique sollicitudin nibh sit amet commodo nulla facilisi. Faucibus turpis in eu mi bibendum neque egestas. Commodo quis imperdiet massa tincidunt. Non curabitur gravida arcu ac tortor dignissim convallis aenean. Nulla aliquet porttitor lacus luctus accumsan tortor. Cursus sit amet dictum sit amet justo. Blandit aliquam etiam erat velit scelerisque. Consectetur a erat nam at lectus urna duis. Amet porttitor eget dolor morbi non arcu risus. Feugiat nisl pretium fusce id velit ut. Bibendum ut tristique et egestas quis ipsum suspendisse ultrices. Eget nunc scelerisque viverra mauris in aliquam. Egestas egestas fringilla phasellus faucibus scelerisque eleifend donec.\n\n## Data Processing and Treatment\n\nLorem ipsum dolor sit amet, consectetur adipiscing elit, sed do eiusmod tempor incididunt ut labore et dolore magna aliqua. Dui ut ornare lectus sit amet est placerat in egestas. Ut pharetra sit amet aliquam id diam maecenas ultricies. Pellentesque habitant morbi tristique senectus et. Facilisis magna etiam tempor orci eu. Neque gravida in fermentum et sollicitudin ac orci. Mattis ullamcorper velit sed ullamcorper morbi tincidunt ornare massa eget. Ultrices vitae auctor eu augue ut lectus arcu. Dignissim sodales ut eu sem integer vitae justo. Eleifend quam adipiscing vitae proin sagittis nisl. Purus viverra accumsan in nisl nisi scelerisque eu ultrices. Arcu dui vivamus arcu felis. Vel orci porta non pulvinar. In nisl nisi scelerisque eu ultrices. Tellus at urna condimentum mattis pellentesque. Gravida cum sociis natoque penatibus et magnis dis parturient.\n\nSed viverra tellus in hac habitasse platea dictumst vestibulum. Aliquam faucibus purus in massa tempor nec feugiat nisl. Faucibus et molestie ac feugiat sed lectus vestibulum. Lacus vestibulum sed arcu non odio euismod. Libero id faucibus nisl tincidunt eget nullam. Vitae et leo duis ut diam. Eros donec ac odio tempor orci dapibus. Turpis tincidunt id aliquet risus. Arcu bibendum at varius vel pharetra vel turpis nunc. Viverra adipiscing at in tellus integer.\n\nSapien eget mi proin sed libero enim sed faucibus turpis. Arcu cursus euismod quis viverra nibh. Nunc mi ipsum faucibus vitae aliquet nec ullamcorper sit. Laoreet id donec ultrices tincidunt arcu non sodales neque. Urna cursus eget nunc scelerisque. Morbi leo urna molestie at elementum eu facilisis sed odio. Mi eget mauris pharetra et ultrices. Mi bibendum neque egestas congue quisque egestas diam in arcu. Nulla facilisi nullam vehicula ipsum a arcu cursus vitae. Nulla aliquet porttitor lacus luctus. Amet porttitor eget dolor morbi non arcu risus quis. Sem et tortor consequat id porta nibh venenatis cras. At varius vel pharetra vel turpis nunc. At augue eget arcu dictum varius duis. Enim sed faucibus turpis in eu mi bibendum neque egestas. Dignissim diam quis enim lobortis scelerisque fermentum. Faucibus pulvinar elementum integer enim neque.\n\n## Descriptive Analysis and Quality Check\n\nLorem ipsum dolor sit amet, consectetur adipiscing elit, sed do eiusmod tempor incididunt ut labore et dolore magna aliqua. Dui ut ornare lectus sit amet est placerat in egestas. Ut pharetra sit amet aliquam id diam maecenas ultricies. Pellentesque habitant morbi tristique senectus et. Facilisis magna etiam tempor orci eu. Neque gravida in fermentum et sollicitudin ac orci. Mattis ullamcorper velit sed ullamcorper morbi tincidunt ornare massa eget. Ultrices vitae auctor eu augue ut lectus arcu. Dignissim sodales ut eu sem integer vitae justo. Eleifend quam adipiscing vitae proin sagittis nisl. Purus viverra accumsan in nisl nisi scelerisque eu ultrices. Arcu dui vivamus arcu felis. Vel orci porta non pulvinar. In nisl nisi scelerisque eu ultrices. Tellus at urna condimentum mattis pellentesque. Gravida cum sociis natoque penatibus et magnis dis parturient.\n\nSed viverra tellus in hac habitasse platea dictumst vestibulum. Aliquam faucibus purus in massa tempor nec feugiat nisl. Faucibus et molestie ac feugiat sed lectus vestibulum. Lacus vestibulum sed arcu non odio euismod. Libero id faucibus nisl tincidunt eget nullam. Vitae et leo duis ut diam. Eros donec ac odio tempor orci dapibus. Turpis tincidunt id aliquet risus. Arcu bibendum at varius vel pharetra vel turpis nunc. Viverra adipiscing at in tellus integer.\n\nSapien eget mi proin sed libero enim sed faucibus turpis. Arcu cursus euismod quis viverra nibh. Nunc mi ipsum faucibus vitae aliquet nec ullamcorper sit. Laoreet id donec ultrices tincidunt arcu non sodales neque. Urna cursus eget nunc scelerisque. Morbi leo urna molestie at elementum eu facilisis sed odio. Mi eget mauris pharetra et ultrices. Mi bibendum neque egestas congue quisque egestas diam in arcu. Nulla facilisi nullam vehicula ipsum a arcu cursus vitae. Nulla aliquet porttitor lacus luctus. Amet porttitor eget dolor morbi non arcu risus quis. Sem et tortor consequat id porta nibh venenatis cras. At varius vel pharetra vel turpis nunc. At augue eget arcu dictum varius duis. Enim sed faucibus turpis in eu mi bibendum neque egestas. Dignissim diam quis enim lobortis scelerisque fermentum. Faucibus pulvinar elementum integer enim neque.\n\n## Data Coverage Choice\n\nLorem ipsum dolor sit amet, consectetur adipiscing elit, sed do eiusmod tempor incididunt ut labore et dolore magna aliqua. Dui ut ornare lectus sit amet est placerat in egestas. Ut pharetra sit amet aliquam id diam maecenas ultricies. Pellentesque habitant morbi tristique senectus et. Facilisis magna etiam tempor orci eu. Neque gravida in fermentum et sollicitudin ac orci. Mattis ullamcorper velit sed ullamcorper morbi tincidunt ornare massa eget. Ultrices vitae auctor eu augue ut lectus arcu. Dignissim sodales ut eu sem integer vitae justo. Eleifend quam adipiscing vitae proin sagittis nisl. Purus viverra accumsan in nisl nisi scelerisque eu ultrices. Arcu dui vivamus arcu felis. Vel orci porta non pulvinar. In nisl nisi scelerisque eu ultrices. Tellus at urna condimentum mattis pellentesque. Gravida cum sociis natoque penatibus et magnis dis parturient.\n\nSed viverra tellus in hac habitasse platea dictumst vestibulum. Aliquam faucibus purus in massa tempor nec feugiat nisl. Faucibus et molestie ac feugiat sed lectus vestibulum. Lacus vestibulum sed arcu non odio euismod. Libero id faucibus nisl tincidunt eget nullam. Vitae et leo duis ut diam. Eros donec ac odio tempor orci dapibus. Turpis tincidunt id aliquet risus. Arcu bibendum at varius vel pharetra vel turpis nunc. Viverra adipiscing at in tellus integer.\n\nSapien eget mi proin sed libero enim sed faucibus turpis. Arcu cursus euismod quis viverra nibh. Nunc mi ipsum faucibus vitae aliquet nec ullamcorper sit. Laoreet id donec ultrices tincidunt arcu non sodales neque. Urna cursus eget nunc scelerisque. Morbi leo urna molestie at elementum eu facilisis sed odio. Mi eget mauris pharetra et ultrices. Mi bibendum neque egestas congue quisque egestas diam in arcu. Nulla facilisi nullam vehicula ipsum a arcu cursus vitae. Nulla aliquet porttitor lacus luctus. Amet porttitor eget dolor morbi non arcu risus quis. Sem et tortor consequat id porta nibh venenatis cras. At varius vel pharetra vel turpis nunc. At augue eget arcu dictum varius duis. Enim sed faucibus turpis in eu mi bibendum neque egestas. Dignissim diam quis enim lobortis scelerisque fermentum. Faucibus pulvinar elementum integer enim neque.\n\n## Data Construction for Estimation and Execution\n\nSed viverra tellus in hac habitasse platea dictumst vestibulum. Aliquam faucibus purus in massa tempor nec feugiat nisl. Faucibus et molestie ac feugiat sed lectus vestibulum. Lacus vestibulum sed arcu non odio euismod. Libero id faucibus nisl tincidunt eget nullam. Vitae et leo duis ut diam. Eros donec ac odio tempor orci dapibus. Turpis tincidunt id aliquet risus. Arcu bibendum at varius vel pharetra vel turpis nunc. Viverra adipiscing at in tellus integer.\n\nSapien eget mi proin sed libero enim sed faucibus turpis. Arcu cursus euismod quis viverra nibh. Nunc mi ipsum faucibus vitae aliquet nec ullamcorper sit. Laoreet id donec ultrices tincidunt arcu non sodales neque. Urna cursus eget nunc scelerisque. Morbi leo urna molestie at elementum eu facilisis sed odio. Mi eget mauris pharetra et ultrices. Mi bibendum neque egestas congue quisque egestas diam in arcu. Nulla facilisi nullam vehicula ipsum a arcu cursus vitae. Nulla aliquet porttitor lacus luctus. Amet porttitor eget dolor morbi non arcu risus quis. Sem et tortor consequat id porta nibh venenatis cras. At varius vel pharetra vel turpis nunc. At augue eget arcu dictum varius duis. Enim sed faucibus turpis in eu mi bibendum neque egestas. Dignissim diam quis enim lobortis scelerisque fermentum. Faucibus pulvinar elementum integer enim neque.\n"},"formats":{"html":{"execute":{"fig-width":7,"fig-height":5,"fig-format":"retina","fig-dpi":96,"df-print":"default","error":false,"eval":true,"cache":null,"freeze":false,"echo":true,"output":true,"warning":true,"include":true,"keep-md":false,"keep-ipynb":false,"ipynb":null,"enabled":null,"daemon":null,"daemon-restart":false,"debug":false,"ipynb-filters":[],"engine":"markdown"},"render":{"keep-tex":false,"keep-source":false,"keep-hidden":false,"prefer-html":false,"output-divs":true,"output-ext":"html","fig-align":"default","fig-pos":null,"fig-env":null,"code-fold":true,"code-overflow":"scroll","code-link":false,"code-line-numbers":false,"code-tools":false,"tbl-colwidths":"auto","merge-includes":true,"latex-auto-mk":true,"latex-auto-install":true,"latex-clean":true,"latex-max-runs":10,"latex-makeindex":"makeindex","latex-makeindex-opts":[],"latex-tlmgr-opts":[],"latex-input-paths":[],"latex-output-dir":null,"link-external-icon":false,"link-external-newwindow":false,"self-contained-math":false,"format-resources":[]},"pandoc":{"standalone":true,"wrap":"none","default-image-extension":"png","to":"html","output-file":"estimation.html"},"language":{},"metadata":{"lang":"en","fig-responsive":true,"quarto-version":"1.2.475","number-depth":2,"editor":"visual","theme":{"light":"cosmo","dark":"darkly"}},"extensions":{"book":{"multiFile":true}}}}}