{"title":"Executive Summary","markdown":{"headingText":"Executive Summary","headingAttr":{"id":"","classes":[],"keyvalue":[["sec-executive",""]]},"containsRefs":false,"markdown":"\nThis is a proof-of-concept documentation framework for SFA data science projects created in RStudio's Quarto.\n\nQuarto provides a unified authoring framework for data science, combining executable code, its results, prose, diagrams and math formulas. Quarto documents are fully reproducible and support dozens of output formats, like PDFs, Word files, presentations, and more.\n\nQuarto files are designed to serve as an environment where you can both *document* models and *do* data science. Inside RStudio, Quarto can act as a one-stop shop for:\n\n-   Data scientists building models and collaborating with other data scientists and technical writers on projects in Domino or other cloud IDEs.\n\n-   New data scientists who need to quickly ramp up on existing models and applications and want to learn about the model and its code in one place.\n\n-   Internal and external regulators who need to quickly familiarize themselves with an application's architecture, data sources, and assumptions without viewing the code.\n\n-   Technical writers who want to create documentation packages that wow their audiences. :)\n\nQuarto is an interface tool, not an R package. It unifies the functionality of many packages from the R Markdown ecosystem (rmarkdown, bookdown, distill, LaTeX, xaringan, etc.) into a single system as well as extends it with native support for multiple programming languages like R, Julia, and Python. Unlike R Markdown, Quarto has a WYSIWYG visual editor and is easy to learn for anyone, even if they don't have any coding experience.\n\nThe benefits of using Quarto inside RStudio for documentation are:\n\n1.  **Better Collaboration**: Data scientists, writers, model governance managers, and validators can collaborate in the same computational environment. Data scientists can use the same files for exploratory analysis, model development, and model documentation, which can be outputted as PDF reports and online sites for management review and validation. Tech writers will get a deeper, code-level exposure to the development process and data, and will become more actively involved in the model life cycle.\n\n2.  **Quality Assurance**: By interweaving text, math, and code on the same page, it's more likely that errors will be exposed and wrong assumptions identified early on.\n\n3.  **One-Stop-Shop Approach**: Quarto allows whitepapers, technical manuals, user guides, and job aids for one application to be hosted and consumed in a single site, making the documentation corpus significantly easier to access and navigate than working with disparate Word files. Combining all documents in one place will not only enable instant cross-referencing between different files, but will help improve the MGS documentation templates by more easily identifying redundacies across the documentation corpus.\n\n4.  **Content Reusability and Modularity:** Quarto files from one model can instantly be reused by another model.\n\n5.  **Global Formatting and Publishing Controls:** Quarto provides global controls over all aspects of the document, from high-level CSS styling to ability to change behaviors of navbars, sidebars and other UI features. You can host Quarto html output on any platform including Confluence.\n\n::: callout-note\nTo learn more about Quarto's capabilities, check out the next Introduction section and Quarto's [online guide](https://quarto.org/docs/guide/).\n:::\n"},"formats":{"html":{"execute":{"fig-width":7,"fig-height":5,"fig-format":"retina","fig-dpi":96,"df-print":"default","error":false,"eval":true,"cache":null,"freeze":false,"echo":true,"output":true,"warning":true,"include":true,"keep-md":false,"keep-ipynb":false,"ipynb":null,"enabled":null,"daemon":null,"daemon-restart":false,"debug":false,"ipynb-filters":[],"engine":"markdown"},"render":{"keep-tex":false,"keep-source":false,"keep-hidden":false,"prefer-html":false,"output-divs":true,"output-ext":"html","fig-align":"default","fig-pos":null,"fig-env":null,"code-fold":true,"code-overflow":"scroll","code-link":false,"code-line-numbers":false,"code-tools":false,"tbl-colwidths":"auto","merge-includes":true,"latex-auto-mk":true,"latex-auto-install":true,"latex-clean":true,"latex-max-runs":10,"latex-makeindex":"makeindex","latex-makeindex-opts":[],"latex-tlmgr-opts":[],"latex-input-paths":[],"latex-output-dir":null,"link-external-icon":false,"link-external-newwindow":false,"self-contained-math":false,"format-resources":[]},"pandoc":{"standalone":true,"wrap":"none","default-image-extension":"png","to":"html","output-file":"exec_summary.html"},"language":{},"metadata":{"lang":"en","fig-responsive":true,"quarto-version":"1.2.475","number-depth":2,"editor":"visual","theme":{"light":"cosmo","dark":"darkly"}},"extensions":{"book":{"multiFile":true}}}}}