{"title":"Future Research","markdown":{"headingText":"Future Research","containsRefs":false,"markdown":"\nLorem ipsum dolor sit amet, consectetur adipiscing elit, sed do eiusmod tempor incididunt ut labore et dolore magna aliqua. Dui ut ornare lectus sit amet est placerat in egestas. Ut pharetra sit amet aliquam id diam maecenas ultricies. Pellentesque habitant morbi tristique senectus et. Facilisis magna etiam tempor orci eu. Neque gravida in fermentum et sollicitudin ac orci. Mattis ullamcorper velit sed ullamcorper morbi tincidunt ornare massa eget. Ultrices vitae auctor eu augue ut lectus arcu. Dignissim sodales ut eu sem integer vitae justo. Eleifend quam adipiscing vitae proin sagittis nisl. Purus viverra accumsan in nisl nisi scelerisque eu ultrices. Arcu dui vivamus arcu felis. Vel orci porta non pulvinar. In nisl nisi scelerisque eu ultrices. Tellus at urna condimentum mattis pellentesque. Gravida cum sociis natoque penatibus et magnis dis parturient.\n"},"formats":{"html":{"execute":{"fig-width":7,"fig-height":5,"fig-format":"retina","fig-dpi":96,"df-print":"default","error":false,"eval":true,"cache":null,"freeze":false,"echo":true,"output":true,"warning":true,"include":true,"keep-md":false,"keep-ipynb":false,"ipynb":null,"enabled":null,"daemon":null,"daemon-restart":false,"debug":false,"ipynb-filters":[],"engine":"markdown"},"render":{"keep-tex":false,"keep-source":false,"keep-hidden":false,"prefer-html":false,"output-divs":true,"output-ext":"html","fig-align":"default","fig-pos":null,"fig-env":null,"code-fold":true,"code-overflow":"scroll","code-link":false,"code-line-numbers":false,"code-tools":false,"tbl-colwidths":"auto","merge-includes":true,"latex-auto-mk":true,"latex-auto-install":true,"latex-clean":true,"latex-max-runs":10,"latex-makeindex":"makeindex","latex-makeindex-opts":[],"latex-tlmgr-opts":[],"latex-input-paths":[],"latex-output-dir":null,"link-external-icon":false,"link-external-newwindow":false,"self-contained-math":false,"format-resources":[]},"pandoc":{"standalone":true,"wrap":"none","default-image-extension":"png","to":"html","output-file":"future.html"},"language":{},"metadata":{"lang":"en","fig-responsive":true,"quarto-version":"1.2.475","number-depth":2,"editor":"visual","theme":{"light":"cosmo","dark":"darkly"}},"extensions":{"book":{"multiFile":true}}}}}