{"title":"Implementation","markdown":{"headingText":"Implementation","containsRefs":false,"markdown":"\n### Calculation Logic and Steps\n\nLorem ipsum dolor sit amet, consectetur adipiscing elit, sed do eiusmod tempor incididunt ut labore et dolore magna aliqua. In dictum non consectetur a. Non diam phasellus vestibulum lorem sed. Vitae semper quis lectus nulla at volutpat diam. Fermentum iaculis eu non diam phasellus vestibulum lorem sed. Enim sit amet venenatis urna cursus eget nunc scelerisque. Nibh venenatis cras sed felis eget velit aliquet sagittis id. Quam lacus suspendisse faucibus interdum posuere lorem ipsum dolor sit. Urna neque viverra justo nec ultrices dui. Odio facilisis mauris sit amet massa. Nec ullamcorper sit amet risus nullam eget felis. Vulputate mi sit amet mauris commodo quis imperdiet. Dis parturient montes nascetur ridiculus. Fermentum posuere urna nec tincidunt praesent semper feugiat nibh sed. Magna eget est lorem ipsum. Consequat nisl vel pretium lectus quam id leo in vitae.\n\n### Inputs to the Application\n\n#### Input Data Sources\n\nEu lobortis elementum nibh tellus molestie nunc non blandit. Volutpat consequat mauris nunc congue nisi vitae suscipit tellus. Tristique sollicitudin nibh sit amet commodo nulla facilisi nullam. Nullam ac tortor vitae purus faucibus ornare. Ut sem nulla pharetra diam. Pellentesque nec nam aliquam sem et. Tristique senectus et netus et malesuada fames ac. Turpis tincidunt id aliquet risus feugiat in ante metus dictum. In tellus integer feugiat scelerisque varius. Magna sit amet purus gravida. Ullamcorper velit sed ullamcorper morbi tincidunt ornare massa eget. Arcu dui vivamus arcu felis. Potenti nullam ac tortor vitae purus faucibus ornare. Quam vulputate dignissim suspendisse in est.\n\n#### Input Processing\n\nQuam lacus suspendisse faucibus interdum posuere lorem ipsum dolor sit. Urna neque viverra justo nec ultrices dui. Odio facilisis mauris sit amet massa. Nec ullamcorper sit amet risus nullam eget felis. Vulputate mi sit amet mauris commodo quis imperdiet. Dis parturient montes nascetur ridiculus. Fermentum posuere urna nec tincidunt praesent semper feugiat nibh sed.\n\n### Outputs to the Application\n\nFermentum iaculis eu non diam phasellus vestibulum lorem sed. Enim sit amet venenatis urna cursus eget nunc scelerisque. Nibh venenatis cras sed felis eget velit aliquet sagittis id. Quam lacus suspendisse faucibus interdum posuere lorem ipsum dolor sit. Urna neque viverra justo nec ultrices dui. Odio facilisis mauris sit amet massa. Nec ullamcorper sit amet risus nullam eget felis. Vulputate mi sit amet mauris commodo quis imperdiet.\n"},"formats":{"html":{"execute":{"fig-width":7,"fig-height":5,"fig-format":"retina","fig-dpi":96,"df-print":"default","error":false,"eval":true,"cache":null,"freeze":false,"echo":true,"output":true,"warning":true,"include":true,"keep-md":false,"keep-ipynb":false,"ipynb":null,"enabled":null,"daemon":null,"daemon-restart":false,"debug":false,"ipynb-filters":[],"engine":"markdown"},"render":{"keep-tex":false,"keep-source":false,"keep-hidden":false,"prefer-html":false,"output-divs":true,"output-ext":"html","fig-align":"default","fig-pos":null,"fig-env":null,"code-fold":true,"code-overflow":"scroll","code-link":false,"code-line-numbers":false,"code-tools":false,"tbl-colwidths":"auto","merge-includes":true,"latex-auto-mk":true,"latex-auto-install":true,"latex-clean":true,"latex-max-runs":10,"latex-makeindex":"makeindex","latex-makeindex-opts":[],"latex-tlmgr-opts":[],"latex-input-paths":[],"latex-output-dir":null,"link-external-icon":false,"link-external-newwindow":false,"self-contained-math":false,"format-resources":[]},"pandoc":{"standalone":true,"wrap":"none","default-image-extension":"png","to":"html","output-file":"implementation.html"},"language":{},"metadata":{"lang":"en","fig-responsive":true,"quarto-version":"1.2.475","number-depth":2,"editor":"visual","theme":{"light":"cosmo","dark":"darkly"}},"extensions":{"book":{"multiFile":true}}}}}