{"title":"Overview","markdown":{"headingText":"Overview","headingAttr":{"id":"","classes":["unnumbered"],"keyvalue":[]},"containsRefs":false,"markdown":"\nThis is a proof of concept to demonstrate what a body of documentation for a single application might look like if SFA opted to adopt RStudio's Quarto for documenting models.\n\nThe online site contains a hypothetical corpus of MRM documentation and code related to the [Big Data Forecaster application (ID 123456)](test \"Big Data Forecaster application\") and was created using Quarto, RStudio's advanced version of RMarkdown. Quarto provides the ability to develop and thread together prose, executable code, diagrams, and math formulas in a single document and lets users publish documentation in multiple formats (including PDF and Word).\n\nTo learn more about the value of transitioning SFA documentation from word processing tools such as MS Word to Quarto's language-agnostic computational documentation, see [Executive Summary](exec_summary.qmd) and [Introduction](intro.qmd) sections.\n\n::: callout-important\nThis document does not contain any confidential information and was created solely as a proof of concept for documenting enterprise-scale statistical models.\n:::\n\n### Document Version Log\n\n| Document                        | Version No. | Date    | Changes | Author(s) |\n|---------------------------------|-------------|---------|---------|-----------|\n| Model-as-Application Whitepaper | 3.1         | 1/21/22 |         | Lev F.    |\n| Technical Operating Manual      | 1           | 1/21/22 |         | Lev F.    |\n| User Training Guide             | 1           | 1/21/22 |         | Lev F.    |\n\n### Quick Links\n\n------------------------------------------------------------------------\n\n-   [Big Data Forecaster application in ReportApp](testing)\n\n-   [Model Development Plan](testing)\n\n-   [Job Aid](jobaidcontent.qmd)\n\n-   [Runbook](runbookcontent.qmd)\n\n-   [MUSE Documentation](testing)\n"},"formats":{"html":{"execute":{"fig-width":7,"fig-height":5,"fig-format":"retina","fig-dpi":96,"df-print":"default","error":false,"eval":true,"cache":null,"freeze":false,"echo":true,"output":true,"warning":true,"include":true,"keep-md":false,"keep-ipynb":false,"ipynb":null,"enabled":null,"daemon":null,"daemon-restart":false,"debug":false,"ipynb-filters":[],"engine":"markdown"},"render":{"keep-tex":false,"keep-source":false,"keep-hidden":false,"prefer-html":false,"output-divs":true,"output-ext":"html","fig-align":"default","fig-pos":null,"fig-env":null,"code-fold":true,"code-overflow":"scroll","code-link":false,"code-line-numbers":false,"code-tools":false,"tbl-colwidths":"auto","merge-includes":true,"latex-auto-mk":true,"latex-auto-install":true,"latex-clean":true,"latex-max-runs":10,"latex-makeindex":"makeindex","latex-makeindex-opts":[],"latex-tlmgr-opts":[],"latex-input-paths":[],"latex-output-dir":null,"link-external-icon":false,"link-external-newwindow":false,"self-contained-math":false,"format-resources":[]},"pandoc":{"standalone":true,"wrap":"none","default-image-extension":"png","to":"html","output-file":"index.html"},"language":{},"metadata":{"lang":"en","fig-responsive":true,"quarto-version":"1.2.475","number-depth":2,"editor":"visual","theme":{"light":"cosmo","dark":"darkly"}},"extensions":{"book":{"multiFile":true}}}}}