{"title":"Introduction","markdown":{"headingText":"Introduction","containsRefs":false,"markdown":"\nThis section provides a sampling of just some of the many capabilities of Quarto useful in model documentation. To learn more about Quarto's features for technical writing, check out their site [here](https://quarto.org/docs/visual-editor/technical.html).\n\n## Visual Editor\n\nUnlike RMarkdown, Quarto is not a R package and comes with its own interface within RStudio, making it significantly faster to learn and use. I have found that my productivity increases 2-5x in Quarto because of the visual editor. For those who want to see RMarkdown code, Quarto provides a simple toggle for source code.\n\n[![Fig. 1 Quarto visual editor (from Hadley Wickham's \"R for Data Science 2e\")](images/quarto-visual-editor.png){fig-align=\"center\" width=\"800\"}](https://r4ds.hadley.nz/quarto.html)\n\nMost formatting styles can be either invoked through the UI, keyboard shortcuts, or special code characters.\n\n## Executable Code Chunks\n\nCode in R or Python is executable in Quarto and will run when the document is rendered. Users have the option to suppress code chunks so they are invisible or collapse them to make the user click on an icon to view them (see example below). Here are some simple examples:\n\n```{r}\n2+2\n```\n\n```{r}\n#| fig-cap: \"Fig. 2 Normal Distribution\"\n#| warning: false\nlibrary(tidyverse)\n\n# Create a normal distribution from sequence of numbers between -4 and 4.\n\nnorm.dist <- data.frame(\n    x = seq(-4,4, by = 0.01),\n    y = dnorm(seq(-4,4, by = 0.01))\n)\nggplot(norm.dist, aes(x,y)) +\n    geom_line()\n```\n\n## Math Equations Rendering\n\nIt's easy to write down complex math formulas in Quarto using standard markdown syntax (the editor will automatically recognize the syntax and treat the equation as math). When you aren't directly editing an equation it will appear as rendered math:\n\n![Fig. 3 Math equations using LaTeX syntax](images/visual-editing-math.png){fig-align=\"center\" width=\"1000\"}\n\n## Interactivity\n\nQuarto allows to embed html widgets and Shiny apps right into the document. Our documentation can have interactive graphs, tables, and dashboards to help users get a better, hands-on sense of the data.\n\nFor example, the `dygraphs` package for R makes it easy to embed interactive time-series charts like this one:\n\n```{r}\nlibrary(dygraphs)\ndygraph(nhtemp, main = \"New Haven Temperatures\", ylab = \"Temp (F)\") %>% \n  dyRangeSelector(dateWindow = c(\"1920-01-01\", \"1960-01-01\"))\n```\n\n<br>\n\nThe `plotly` package easily translates a ggplot2 graphics into an interactive web-based plot like the one below:\n\n```{r}\n#| warning: false\n#| message: false\n\nlibrary(ggplot2)\nlibrary(plotly)\n\nd<- ggplot(data = diamonds, aes(x = cut, fill = clarity)) +\n            geom_bar(position = \"dodge\")\nggplotly(d)\n```\n\n<br>\n\nHere's an example of an embedded interactive map using the `leaflet` package:\n\n```{r}\nlibrary(leaflet)\nleaflet() %>%\n  addTiles() %>%  # Add default OpenStreetMap map tiles\n  addMarkers(lng=-75.1652, lat=39.9526, popup=\"THIS IS THE BIRTHPLACE of THIS DOCUMENT!\")\n```\n\n## Outputs in PDF and MS Word\n\nWhile the online output is the most convenient format for viewing documentation, we will continue to support static output for MUSE and other compliance requests. You can view the output files of this document corpus in PDF or Word by going to this [GitHub repository](https://github.com/Ejik2020/Quarto).\n\n## Other Useful Features\n\n1.  Ability to cross-reference chapters, sections, tables, and figures.\n\n2.  Automatic numbering of chapters and sections.\n\n3.  You can create diagrams directly in Quarto using simple syntax that is automatically rendered into a drawing.\n\n4.  Global and local-level controls of formatting, CSS styling, publishing output, etc.\n\n5.  Leave inline comments for revisions and reviews that are not rendered in the output.\n\n    ![Fig. 4 Inline comments](images/visual-editing-comment.png){width=\"900\"}\n"},"formats":{"html":{"execute":{"fig-width":7,"fig-height":5,"fig-format":"retina","fig-dpi":96,"df-print":"default","error":false,"eval":true,"cache":null,"freeze":false,"echo":true,"output":true,"warning":true,"include":true,"keep-md":false,"keep-ipynb":false,"ipynb":null,"enabled":null,"daemon":null,"daemon-restart":false,"debug":false,"ipynb-filters":[],"engine":"knitr"},"render":{"keep-tex":false,"keep-source":false,"keep-hidden":false,"prefer-html":false,"output-divs":true,"output-ext":"html","fig-align":"default","fig-pos":null,"fig-env":null,"code-fold":true,"code-overflow":"scroll","code-link":false,"code-line-numbers":false,"code-tools":false,"tbl-colwidths":"auto","merge-includes":true,"latex-auto-mk":true,"latex-auto-install":true,"latex-clean":true,"latex-max-runs":10,"latex-makeindex":"makeindex","latex-makeindex-opts":[],"latex-tlmgr-opts":[],"latex-input-paths":[],"latex-output-dir":null,"link-external-icon":false,"link-external-newwindow":false,"self-contained-math":false,"format-resources":[]},"pandoc":{"standalone":true,"wrap":"none","default-image-extension":"png","to":"html","output-file":"intro.html"},"language":{},"metadata":{"lang":"en","fig-responsive":true,"quarto-version":"1.2.475","number-depth":2,"editor":"visual","theme":{"light":"cosmo","dark":"darkly"}},"extensions":{"book":{"multiFile":true}}}}}