{"title":"Job Aid","markdown":{"headingText":"Job Aid","containsRefs":false,"markdown":"\n**Classification Type**: Critical\n\n### 1. Document Change Control Log\n\n-   Version Date\n\n-   Version Number\n\n### 2. Report Details\n\nLorem ipsum dolor sit amet. Ut enim rerum eum obcaecati excepturi non quibusdam sequi aut quam voluptates qui nemo rerum in reprehenderit galisum. Est inventore voluptatem cum aspernatur veritatis ut omnis Quis vel dignissimos cupiditate et excepturi debitis rem quod iure. Et veniam pariatur rem nobis veritatis ea mollitia commodi. Id praesentium enim et quod ullam ea commodi voluptas et corrupti totam a sunt voluptatibus sed sint autem ad praesentium dicta.\n\n#### 2.1 Report Description\n\nUt voluptates repudiandae non nesciunt enim qui dignissimos laborum cum dolorem inventore. Qui laborum voluptatibus sit voluptatem aperiam sed ipsum quia sed sapiente amet et velit repudiandae ad nesciunt molestiae est quia consequatur. Qui inventore voluptatem aut dolores enim est quisquam perferendis ut esse quasi.\n\n##### 2.1.1 Report Contents\n\nQui asperiores debitis qui dolorum similique et magni reiciendis et Quis consequatur. Sed atque facere ut aliquam officia et maiores iure. Non saepe aliquid et labore officiis qui tenetur expedita rem doloribus nisi aut internos omnis qui dolorem tenetur.\n\n##### 2.1.2 Business Purpose\n\nUt voluptates repudiandae non nesciunt enim qui dignissimos laborum cum dolorem inventore. Qui laborum voluptatibus sit voluptatem aperiam sed ipsum quia sed sapiente amet et velit repudiandae ad nesciunt molestiae est quia consequatur. Qui inventore voluptatem aut dolores enim est quisquam perferendis ut esse quasi.\n\n##### 2.1.3 Criticality Designation\n\nUt voluptates repudiandae non nesciunt enim qui dignissimos laborum cum dolorem inventore. Qui laborum voluptatibus sit voluptatem aperiam sed ipsum quia sed sapiente amet et velit repudiandae ad nesciunt molestiae est quia consequatur. Qui inventore voluptatem aut dolores enim est quisquam perferendis ut esse quasi.\n\n##### 2.1.4 Business Scorecards\n\nUt voluptates repudiandae non nesciunt enim qui dignissimos laborum cum dolorem inventore. Qui laborum voluptatibus sit voluptatem aperiam sed ipsum quia sed sapiente amet et velit repudiandae ad nesciunt molestiae est quia consequatur. Qui inventore voluptatem aut dolores enim est quisquam perferendis ut esse quasi.\n\n#### 2.2 Key Metrics\n\nQui asperiores debitis qui dolorum similique et magni reiciendis et Quis consequatur. Sed atque facere ut aliquam officia et maiores iure. Non saepe aliquid et labore officiis qui tenetur expedita rem doloribus nisi aut internos omnis qui dolorem tenetur.\n\n##### 2.2.1 Business Definitions & Metric Alignment\n\nQui asperiores debitis qui dolorum similique et magni reiciendis et Quis consequatur. Sed atque facere ut aliquam officia et maiores iure. Non saepe aliquid et labore officiis qui tenetur expedita rem doloribus nisi aut internos omnis qui dolorem tenetur.\n\n#### 2.3 Execution Schedule\n\nLorem ipsum dolor sit amet. Ut enim rerum eum obcaecati excepturi non quibusdam sequi aut quam voluptates qui nemo rerum in reprehenderit galisum. Est inventore voluptatem cum aspernatur veritatis ut omnis Quis vel dignissimos cupiditate et excepturi debitis rem quod iure.\n\n#### 2.4 Roles\n\nEt veniam pariatur rem nobis veritatis ea mollitia commodi. Id praesentium enim et quod ullam ea commodi voluptas et corrupti totam a sunt voluptatibus sed sint autem ad praesentium dicta.\n\n#### 2.5 Process Map\n\nLorem ipsum dolor sit amet.\n\n#### 2.6 Model Details\n\nLorem ipsum dolor sit amet. Ut enim rerum eum obcaecati excepturi non quibusdam sequi aut quam voluptates qui nemo rerum in reprehenderit galisum. Est inventore voluptatem cum aspernatur veritatis ut omnis Quis vel dignissimos cupiditate et excepturi debitis rem quod iure. Et veniam pariatur rem nobis veritatis ea mollitia commodi. Id praesentium enim et quod ullam ea commodi voluptas et corrupti totam a sunt voluptatibus sed sint autem ad praesentium dicta.\n\n#### 2.7 Empirical Analysis\n\nLorem ipsum dolor sit amet. Ut enim rerum eum obcaecati excepturi non quibusdam sequi aut quam voluptates qui nemo rerum in reprehenderit galisum. Est inventore voluptatem cum aspernatur veritatis ut omnis Quis vel dignissimos cupiditate et excepturi debitis rem quod iure. Et veniam pariatur rem nobis veritatis ea mollitia commodi. Id praesentium enim et quod ullam ea commodi voluptas et corrupti totam a sunt voluptatibus sed sint autem ad praesentium dicta.\n\n### 3. Code Location\n\nLorem ipsum dolor sit amet. Ut enim rerum eum obcaecati excepturi non quibusdam sequi aut quam voluptates qui nemo rerum in reprehenderit galisum. Est inventore voluptatem cum aspernatur veritatis ut omnis Quis vel dignissimos cupiditate et excepturi debitis rem quod iure. Et veniam pariatur rem nobis veritatis ea mollitia commodi. Id praesentium enim et quod ullam ea commodi voluptas et corrupti totam a sunt voluptatibus sed sint autem ad praesentium dicta.\n\n### 4. Error Monitoring\n\nLorem ipsum dolor sit amet. Ut enim rerum eum obcaecati excepturi non quibusdam sequi aut quam voluptates qui nemo rerum in reprehenderit galisum. Est inventore voluptatem cum aspernatur veritatis ut omnis Quis vel dignissimos cupiditate et excepturi debitis rem quod iure. Et veniam pariatur rem nobis veritatis ea mollitia commodi. Id praesentium enim et quod ullam ea commodi voluptas et corrupti totam a sunt voluptatibus sed sint autem ad praesentium dicta.\n\n### 5. Report Inputs\n\nLorem ipsum dolor sit amet. Ut enim rerum eum obcaecati excepturi non quibusdam sequi aut quam voluptates qui nemo rerum in reprehenderit galisum. Est inventore voluptatem cum aspernatur veritatis ut omnis Quis vel dignissimos cupiditate et excepturi debitis rem quod iure. Et veniam pariatur rem nobis veritatis ea mollitia commodi. Id praesentium enim et quod ullam ea commodi voluptas et corrupti totam a sunt voluptatibus sed sint autem ad praesentium dicta.\n\n#### 5.1 Databases\n\nLorem ipsum dolor sit amet. Ut enim rerum eum obcaecati excepturi non quibusdam sequi aut quam voluptates qui nemo rerum in reprehenderit galisum. Est inventore voluptatem cum aspernatur veritatis ut omnis Quis vel dignissimos cupiditate et excepturi debitis rem quod iure. Et veniam pariatur rem nobis veritatis ea mollitia commodi. Id praesentium enim et quod ullam ea commodi voluptas et corrupti totam a sunt voluptatibus sed sint autem ad praesentium dicta.\n\n#### 5.2 Tables\n\n#### 5.3 Calculated Fields\n\n#### 5.4 User/Manual Inputs\n\n### 6. Dataset Output\n\nLorem ipsum dolor sit amet. Ut enim rerum eum obcaecati excepturi non quibusdam sequi aut quam voluptates qui nemo rerum in reprehenderit galisum. Est inventore voluptatem cum aspernatur veritatis ut omnis Quis vel dignissimos cupiditate et excepturi debitis rem quod iure. Et veniam pariatur rem nobis veritatis ea mollitia commodi. Id praesentium enim et quod ullam ea commodi voluptas et corrupti totam a sunt voluptatibus sed sint autem ad praesentium dicta.\n\n### 7. Execution Steps\n\nLorem ipsum dolor sit amet. Ut enim rerum eum obcaecati excepturi non quibusdam sequi aut quam voluptates qui nemo rerum in reprehenderit galisum. Est inventore voluptatem cum aspernatur veritatis ut omnis Quis vel dignissimos cupiditate et excepturi debitis rem quod iure. Et veniam pariatur rem nobis veritatis ea mollitia commodi. Id praesentium enim et quod ullam ea commodi voluptas et corrupti totam a sunt voluptatibus sed sint autem ad praesentium dicta.\n\n#### 7.2 Reviewer Steps\n\n### 8. Access Controls\n\n### 9. Report Sponsorship/Certification & Distribution\n\n#### 9.1 Sponsorship Type (Summary/Trigger/Data)\n\n#### 9.2 Distribution Method\n\n### 10. Report Validations\n"},"formats":{"html":{"execute":{"fig-width":7,"fig-height":5,"fig-format":"retina","fig-dpi":96,"df-print":"default","error":false,"eval":true,"cache":null,"freeze":false,"echo":true,"output":true,"warning":true,"include":true,"keep-md":false,"keep-ipynb":false,"ipynb":null,"enabled":null,"daemon":null,"daemon-restart":false,"debug":false,"ipynb-filters":[],"engine":"markdown"},"render":{"keep-tex":false,"keep-source":false,"keep-hidden":false,"prefer-html":false,"output-divs":true,"output-ext":"html","fig-align":"default","fig-pos":null,"fig-env":null,"code-fold":true,"code-overflow":"scroll","code-link":false,"code-line-numbers":false,"code-tools":false,"tbl-colwidths":"auto","merge-includes":true,"latex-auto-mk":true,"latex-auto-install":true,"latex-clean":true,"latex-max-runs":10,"latex-makeindex":"makeindex","latex-makeindex-opts":[],"latex-tlmgr-opts":[],"latex-input-paths":[],"latex-output-dir":null,"link-external-icon":false,"link-external-newwindow":false,"self-contained-math":false,"format-resources":[]},"pandoc":{"standalone":true,"wrap":"none","default-image-extension":"png","to":"html","output-file":"jobaidcontent.html"},"language":{},"metadata":{"lang":"en","fig-responsive":true,"quarto-version":"1.2.475","number-depth":2,"editor":"visual","theme":{"light":"cosmo","dark":"darkly"}},"extensions":{"book":{"multiFile":true}}}}}