{"title":"End-User Supporting Materials","markdown":{"headingText":"End-User Supporting Materials","containsRefs":false,"markdown":"\nCursus vitae congue mauris rhoncus aenean vel elit. Neque laoreet suspendisse interdum consectetur. Sit amet volutpat consequat mauris nunc congue. Interdum consectetur libero id faucibus nisl.\n\n**Step 1**: Pretium aenean pharetra magna ac placerat vestibulum lectus.\n\n**Step 2**: Aliquet nec ullamcorper sit amet risus nullam eget. Magnis dis parturient montes nascetur ridiculus mus mauris vitae ultricies.\n\n**Step 3**. Quis hendrerit dolor magna eget est lorem ipsum.\n\n**Step 4**: Tristique risus nec feugiat in fermentum posuere urna. Magna etiam tempor orci eu lobortis. Commodo elit at imperdiet dui. Non curabitur gravida arcu ac.\n\nVitae sapien pellentesque habitant morbi tristique. Nulla facilisi nullam vehicula ipsum a arcu. Ut tortor pretium viverra suspendisse potenti nullam ac tortor. Hendrerit dolor magna eget est. Arcu dictum varius duis at consectetur. Cras semper auctor neque vitae tempus quam pellentesque nec nam. Est placerat in egestas erat imperdiet sed euismod nisi.\n"},"formats":{"html":{"execute":{"fig-width":7,"fig-height":5,"fig-format":"retina","fig-dpi":96,"df-print":"default","error":false,"eval":true,"cache":null,"freeze":false,"echo":true,"output":true,"warning":true,"include":true,"keep-md":false,"keep-ipynb":false,"ipynb":null,"enabled":null,"daemon":null,"daemon-restart":false,"debug":false,"ipynb-filters":[],"engine":"markdown"},"render":{"keep-tex":false,"keep-source":false,"keep-hidden":false,"prefer-html":false,"output-divs":true,"output-ext":"html","fig-align":"default","fig-pos":null,"fig-env":null,"code-fold":true,"code-overflow":"scroll","code-link":false,"code-line-numbers":false,"code-tools":false,"tbl-colwidths":"auto","merge-includes":true,"latex-auto-mk":true,"latex-auto-install":true,"latex-clean":true,"latex-max-runs":10,"latex-makeindex":"makeindex","latex-makeindex-opts":[],"latex-tlmgr-opts":[],"latex-input-paths":[],"latex-output-dir":null,"link-external-icon":false,"link-external-newwindow":false,"self-contained-math":false,"format-resources":[]},"pandoc":{"standalone":true,"wrap":"none","default-image-extension":"png","to":"html","output-file":"materials.html"},"language":{},"metadata":{"lang":"en","fig-responsive":true,"quarto-version":"1.2.475","number-depth":2,"editor":"visual","theme":{"light":"cosmo","dark":"darkly"}},"extensions":{"book":{"multiFile":true}}}}}