{"title":"Model Methodology","markdown":{"headingText":"Model Methodology","containsRefs":false,"markdown":"\n## Theoretical Background\n\nLorem ipsum dolor sit amet, consectetur adipiscing elit, sed do eiusmod tempor incididunt ut labore et dolore magna aliqua. Nulla facilisi morbi tempus iaculis urna id volutpat lacus laoreet. Facilisis mauris sit amet massa. Nulla porttitor massa id neque aliquam vestibulum morbi. Et tortor at risus viverra adipiscing at in tellus integer. Malesuada fames ac turpis egestas maecenas. Elementum tempus egestas sed sed risus pretium quam vulputate. Velit ut tortor pretium viverra suspendisse potenti nullam ac. Sit amet venenatis urna cursus. Diam phasellus vestibulum lorem sed risus ultricies tristique nulla. Ut sem nulla pharetra diam sit amet nisl suscipit. Pretium aenean pharetra magna ac placerat vestibulum lectus mauris. Non blandit massa enim nec dui nunc. Sit amet volutpat consequat mauris nunc. Sapien et ligula ullamcorper malesuada proin libero nunc consequat interdum. Felis bibendum ut tristique et. Venenatis urna cursus eget nunc scelerisque viverra. Nisl nisi scelerisque eu ultrices vitae auctor eu augue.\n\n## Alternative Methods\n\nA pellentesque sit amet porttitor eget dolor. Ullamcorper sit amet risus nullam eget felis eget nunc. Diam in arcu cursus euismod quis viverra nibh cras. Nunc congue nisi vitae suscipit tellus. Parturient montes nascetur ridiculus mus mauris vitae. Nibh ipsum consequat nisl vel. Sed risus pretium quam vulputate. Sit amet cursus sit amet dictum sit amet justo donec. Vel elit scelerisque mauris pellentesque pulvinar pellentesque. Nunc id cursus metus aliquam eleifend mi in. Tellus mauris a diam maecenas sed. Sodales ut eu sem integer vitae justo eget magna fermentum. Et malesuada fames ac turpis egestas integer eget.\n\n## Model Framework\n\nSem nulla pharetra diam sit amet nisl suscipit adipiscing. Morbi leo urna molestie at. Fusce ut placerat orci nulla. Enim facilisis gravida neque convallis a. Id diam vel quam elementum pulvinar etiam non quam lacus. Lorem mollis aliquam ut porttitor leo. Mi ipsum faucibus vitae aliquet nec ullamcorper sit amet. Phasellus faucibus scelerisque eleifend donec pretium vulputate sapien nec. Id aliquet lectus proin nibh nisl condimentum id venenatis. Quam quisque id diam vel quam.\n\n## Variable Selection\n\nSem nulla pharetra diam sit amet nisl suscipit adipiscing. Morbi leo urna molestie at. Fusce ut placerat orci nulla. Enim facilisis gravida neque convallis a. Id diam vel quam elementum pulvinar etiam non quam lacus. Lorem mollis aliquam ut porttitor leo. Mi ipsum faucibus vitae aliquet nec ullamcorper sit amet. Phasellus faucibus scelerisque eleifend donec pretium vulputate sapien nec. Id aliquet lectus proin nibh nisl condimentum id venenatis. Quam quisque id diam vel quam.\n\n## Model Specification\n\nA pellentesque sit amet porttitor eget dolor. Ullamcorper sit amet risus nullam eget felis eget nunc. Diam in arcu cursus euismod quis viverra nibh cras. Nunc congue nisi vitae suscipit tellus. Parturient montes nascetur ridiculus mus mauris vitae. Nibh ipsum consequat nisl vel. Sed risus pretium quam vulputate. Sit amet cursus sit amet dictum sit amet justo donec. Vel elit scelerisque mauris pellentesque pulvinar pellentesque. Nunc id cursus metus aliquam eleifend mi in. Tellus mauris a diam maecenas sed. Sodales ut eu sem integer vitae justo eget magna fermentum. Et malesuada fames ac turpis egestas integer eget.\n\n## Estimation Method\n\nA pellentesque sit amet porttitor eget dolor. Ullamcorper sit amet risus nullam eget felis eget nunc. Diam in arcu cursus euismod quis viverra nibh cras. Nunc congue nisi vitae suscipit tellus. Parturient montes nascetur ridiculus mus mauris vitae. Nibh ipsum consequat nisl vel. Sed risus pretium quam vulputate. Sit amet cursus sit amet dictum sit amet justo donec. Vel elit scelerisque mauris pellentesque pulvinar pellentesque. Nunc id cursus metus aliquam eleifend mi in. Tellus mauris a diam maecenas sed. Sodales ut eu sem integer vitae justo eget magna fermentum. Et malesuada fames ac turpis egestas integer eget.\n"},"formats":{"html":{"execute":{"fig-width":7,"fig-height":5,"fig-format":"retina","fig-dpi":96,"df-print":"default","error":false,"eval":true,"cache":null,"freeze":false,"echo":true,"output":true,"warning":true,"include":true,"keep-md":false,"keep-ipynb":false,"ipynb":null,"enabled":null,"daemon":null,"daemon-restart":false,"debug":false,"ipynb-filters":[],"engine":"markdown"},"render":{"keep-tex":false,"keep-source":false,"keep-hidden":false,"prefer-html":false,"output-divs":true,"output-ext":"html","fig-align":"default","fig-pos":null,"fig-env":null,"code-fold":true,"code-overflow":"scroll","code-link":false,"code-line-numbers":false,"code-tools":false,"tbl-colwidths":"auto","merge-includes":true,"latex-auto-mk":true,"latex-auto-install":true,"latex-clean":true,"latex-max-runs":10,"latex-makeindex":"makeindex","latex-makeindex-opts":[],"latex-tlmgr-opts":[],"latex-input-paths":[],"latex-output-dir":null,"link-external-icon":false,"link-external-newwindow":false,"self-contained-math":false,"format-resources":[]},"pandoc":{"standalone":true,"wrap":"none","default-image-extension":"png","to":"html","output-file":"methodology.html"},"language":{},"metadata":{"lang":"en","fig-responsive":true,"quarto-version":"1.2.475","number-depth":2,"editor":"visual","theme":{"light":"cosmo","dark":"darkly"}},"extensions":{"book":{"multiFile":true}}}}}