{"title":"Application Purpose, Sources, and Usages","markdown":{"headingText":"Application Purpose, Sources, and Usages","containsRefs":false,"markdown":"\nIn summary, this book has no content whatsoever.\n\n## Application Purpose\n\nLorem ipsum dolor sit amet, consectetur adipiscing elit, sed do eiusmod tempor incididunt ut labore et dolore magna aliqua. Nulla facilisi morbi tempus iaculis urna id volutpat lacus laoreet. Facilisis mauris sit amet massa. Nulla porttitor massa id neque aliquam vestibulum morbi. Et tortor at risus viverra adipiscing at in tellus integer. Malesuada fames ac turpis egestas maecenas. Elementum tempus egestas sed sed risus pretium quam vulputate. Velit ut tortor pretium viverra suspendisse potenti nullam ac. Sit amet venenatis urna cursus. Diam phasellus vestibulum lorem sed risus ultricies tristique nulla. Ut sem nulla pharetra diam sit amet nisl suscipit. Pretium aenean pharetra magna ac placerat vestibulum lectus mauris. Non blandit massa enim nec dui nunc. Sit amet volutpat consequat mauris nunc. Sapien et ligula ullamcorper malesuada proin libero nunc consequat interdum. Felis bibendum ut tristique et. Venenatis urna cursus eget nunc scelerisque viverra. Nisl nisi scelerisque eu ultrices vitae auctor eu augue.\n\nA pellentesque sit amet porttitor eget dolor. Ullamcorper sit amet risus nullam eget felis eget nunc. Diam in arcu cursus euismod quis viverra nibh cras. Nunc congue nisi vitae suscipit tellus. Parturient montes nascetur ridiculus mus mauris vitae. Nibh ipsum consequat nisl vel. Sed risus pretium quam vulputate. Sit amet cursus sit amet dictum sit amet justo donec. Vel elit scelerisque mauris pellentesque pulvinar pellentesque. Nunc id cursus metus aliquam eleifend mi in. Tellus mauris a diam maecenas sed. Sodales ut eu sem integer vitae justo eget magna fermentum. Et malesuada fames ac turpis egestas integer eget.\n\nSem nulla pharetra diam sit amet nisl suscipit adipiscing. Morbi leo urna molestie at. Fusce ut placerat orci nulla. Enim facilisis gravida neque convallis a. Id diam vel quam elementum pulvinar etiam non quam lacus. Lorem mollis aliquam ut porttitor leo. Mi ipsum faucibus vitae aliquet nec ullamcorper sit amet. Phasellus faucibus scelerisque eleifend donec pretium vulputate sapien nec. Id aliquet lectus proin nibh nisl condimentum id venenatis. Quam quisque id diam vel quam.\n\n## Upstream Sources\n\nPulvinar neque laoreet suspendisse interdum consectetur libero. Lorem dolor sed viverra ipsum. Aliquam ut porttitor leo a diam sollicitudin tempor id. Pretium fusce id velit ut tortor pretium. Vitae auctor eu augue ut lectus. Amet commodo nulla facilisi nullam vehicula ipsum. Sit amet nisl suscipit adipiscing. Nunc sed velit dignissim sodales. Laoreet sit amet cursus sit. Iaculis at erat pellentesque adipiscing commodo elit at imperdiet dui. At volutpat diam ut venenatis tellus in metus. Enim blandit volutpat maecenas volutpat. Pharetra et ultrices neque ornare. Tortor aliquam nulla facilisi cras fermentum odio eu feugiat pretium. Senectus et netus et malesuada. Enim tortor at auctor urna nunc id cursus metus aliquam. Scelerisque felis imperdiet proin fermentum leo vel orci. Urna duis convallis convallis tellus id. Cursus euismod quis viverra nibh cras. Tempor orci eu lobortis elementum nibh.\n\n## Downstream Usages\n\nLobortis scelerisque fermentum dui faucibus. Non consectetur a erat nam at lectus urna duis. Elit pellentesque habitant morbi tristique. Ultrices vitae auctor eu augue. Duis tristique sollicitudin nibh sit amet commodo nulla facilisi. Faucibus turpis in eu mi bibendum neque egestas. Commodo quis imperdiet massa tincidunt. Non curabitur gravida arcu ac tortor dignissim convallis aenean. Nulla aliquet porttitor lacus luctus accumsan tortor. Cursus sit amet dictum sit amet justo. Blandit aliquam etiam erat velit scelerisque. Consectetur a erat nam at lectus urna duis. Amet porttitor eget dolor morbi non arcu risus. Feugiat nisl pretium fusce id velit ut. Bibendum ut tristique et egestas quis ipsum suspendisse ultrices. Eget nunc scelerisque viverra mauris in aliquam. Egestas egestas fringilla phasellus faucibus scelerisque eleifend donec.\n"},"formats":{"html":{"execute":{"fig-width":7,"fig-height":5,"fig-format":"retina","fig-dpi":96,"df-print":"default","error":false,"eval":true,"cache":null,"freeze":false,"echo":true,"output":true,"warning":true,"include":true,"keep-md":false,"keep-ipynb":false,"ipynb":null,"enabled":null,"daemon":null,"daemon-restart":false,"debug":false,"ipynb-filters":[],"engine":"markdown"},"render":{"keep-tex":false,"keep-source":false,"keep-hidden":false,"prefer-html":false,"output-divs":true,"output-ext":"html","fig-align":"default","fig-pos":null,"fig-env":null,"code-fold":true,"code-overflow":"scroll","code-link":false,"code-line-numbers":false,"code-tools":false,"tbl-colwidths":"auto","merge-includes":true,"latex-auto-mk":true,"latex-auto-install":true,"latex-clean":true,"latex-max-runs":10,"latex-makeindex":"makeindex","latex-makeindex-opts":[],"latex-tlmgr-opts":[],"latex-input-paths":[],"latex-output-dir":null,"link-external-icon":false,"link-external-newwindow":false,"self-contained-math":false,"format-resources":[]},"pandoc":{"standalone":true,"wrap":"none","default-image-extension":"png","to":"html","output-file":"purpose.html"},"language":{},"metadata":{"lang":"en","fig-responsive":true,"quarto-version":"1.2.475","number-depth":2,"editor":"visual","theme":{"light":"cosmo","dark":"darkly"}},"extensions":{"book":{"multiFile":true}}}}}