{"title":"Model Application Information and Scope","markdown":{"headingText":"Model Application Information and Scope","containsRefs":false,"markdown":"\nLorem ipsum dolor sit amet, consectetur adipiscing elit, sed do eiusmod tempor incididunt ut labore et dolore magna aliqua. Lectus magna fringilla urna porttitor rhoncus. Non sodales neque sodales ut. Ipsum suspendisse ultrices gravida dictum fusce. Vulputate mi sit amet mauris commodo. Senectus et netus et malesuada fames ac. Lacus vestibulum sed arcu non odio euismod lacinia at quis. Sociis natoque penatibus et magnis dis. Dictum varius duis at consectetur lorem donec massa.\n\n## Application Outputs\n\nEget nulla facilisi etiam dignissim diam quis. Nulla posuere sollicitudin aliquam ultrices. Blandit cursus risus at ultrices mi tempus imperdiet. Et leo duis ut diam quam nulla porttitor massa id. Suspendisse in est ante in nibh mauris cursus mattis. Quis eleifend quam adipiscing vitae proin sagittis nisl rhoncus mattis. Et tortor at risus viverra adipiscing at in. Viverra nam libero justo laoreet.\n\n## Upstream Sources\n\nSuspendisse in est ante in. Nunc sed blandit libero volutpat sed cras ornare arcu dui. Turpis egestas pretium aenean pharetra magna ac. Libero justo laoreet sit amet cursus sit amet. Massa tincidunt nunc pulvinar sapien. Neque convallis a cras semper auctor neque vitae. Lorem donec massa sapien faucibus et molestie. Sed adipiscing diam donec adipiscing tristique risus nec.\n\n## Downstream Usages\n\nHabitant morbi tristique senectus et netus et malesuada fames. Tortor id aliquet lectus proin nibh nisl condimentum id. Maecenas ultricies mi eget mauris pharetra et ultrices neque ornare. Libero volutpat sed cras ornare arcu dui. Ipsum consequat nisl vel pretium lectus quam id leo in. Sed viverra ipsum nunc aliquet bibendum. Malesuada fames ac turpis egestas sed tempus urna et. Mollis nunc sed id semper risus. Enim nulla aliquet porttitor lacus luctus accumsan.\n"},"formats":{"html":{"execute":{"fig-width":7,"fig-height":5,"fig-format":"retina","fig-dpi":96,"df-print":"default","error":false,"eval":true,"cache":null,"freeze":false,"echo":true,"output":true,"warning":true,"include":true,"keep-md":false,"keep-ipynb":false,"ipynb":null,"enabled":null,"daemon":null,"daemon-restart":false,"debug":false,"ipynb-filters":[],"engine":"markdown"},"render":{"keep-tex":false,"keep-source":false,"keep-hidden":false,"prefer-html":false,"output-divs":true,"output-ext":"html","fig-align":"default","fig-pos":null,"fig-env":null,"code-fold":true,"code-overflow":"scroll","code-link":false,"code-line-numbers":false,"code-tools":false,"tbl-colwidths":"auto","merge-includes":true,"latex-auto-mk":true,"latex-auto-install":true,"latex-clean":true,"latex-max-runs":10,"latex-makeindex":"makeindex","latex-makeindex-opts":[],"latex-tlmgr-opts":[],"latex-input-paths":[],"latex-output-dir":null,"link-external-icon":false,"link-external-newwindow":false,"self-contained-math":false,"format-resources":[]},"pandoc":{"standalone":true,"wrap":"none","default-image-extension":"png","to":"html","output-file":"scope.html"},"language":{},"metadata":{"lang":"en","fig-responsive":true,"quarto-version":"1.2.475","number-depth":2,"editor":"visual","theme":{"light":"cosmo","dark":"darkly"}},"extensions":{"book":{"multiFile":true}}}}}