{"title":"Model-as-Application Whitepaper","markdown":{"headingText":"Model-as-Application Whitepaper","containsRefs":false,"markdown":"\nThe Big Data Forecaster application comprises a single model, which is described in detail in the following sections of this whitepaper.\n\n## Model Inventory Identification\n\n| Model Application Name: Big Data Forecaster\n| Model ID: 123456\n| Model Authors: John Fun, Jill Hill, Jack Mack\n| Application Authors: Kate Fate, Jill Hill, Jack Mack\n| Model Owner/Delegate: Ross Boss\n| Model Owner Officer: Hana Fofana\n\n::: callout-important\nThis document does not contain any confidential information and was created solely as a proof of concept for documenting enterprise-scale statistical models.\n:::\n\n### Quick Links\n\n------------------------------------------------------------------------\n\n-   [Model Development Plan](testing)\n\n-   [Job Aid](testing)\n\n-   [Run Book](testing)\n\n-   [MUSE Documentation](testing)\n"},"formats":{"html":{"execute":{"fig-width":7,"fig-height":5,"fig-format":"retina","fig-dpi":96,"df-print":"default","error":false,"eval":true,"cache":null,"freeze":false,"echo":true,"output":true,"warning":true,"include":true,"keep-md":false,"keep-ipynb":false,"ipynb":null,"enabled":null,"daemon":null,"daemon-restart":false,"debug":false,"ipynb-filters":[],"engine":"markdown"},"render":{"keep-tex":false,"keep-source":false,"keep-hidden":false,"prefer-html":false,"output-divs":true,"output-ext":"html","fig-align":"default","fig-pos":null,"fig-env":null,"code-fold":true,"code-overflow":"scroll","code-link":false,"code-line-numbers":false,"code-tools":false,"tbl-colwidths":"auto","merge-includes":true,"latex-auto-mk":true,"latex-auto-install":true,"latex-clean":true,"latex-max-runs":10,"latex-makeindex":"makeindex","latex-makeindex-opts":[],"latex-tlmgr-opts":[],"latex-input-paths":[],"latex-output-dir":null,"link-external-icon":false,"link-external-newwindow":false,"self-contained-math":false,"format-resources":[]},"pandoc":{"standalone":true,"wrap":"none","default-image-extension":"png","to":"html","output-file":"whitepaper.html"},"language":{},"metadata":{"lang":"en","fig-responsive":true,"quarto-version":"1.2.475","number-depth":2,"editor":"visual","theme":{"light":"cosmo","dark":"darkly"}},"extensions":{"book":{"multiFile":true}}}}}